"","State","Brewery_id","Beer_ID","City","IBU","ABV","Beer_Name","Brewery_Name","Type"
"1"," AK",103,1667,"Anchorage",70,6,"King Street IPA","King Street Brewing Company","IPA"
"4"," AK",459,349,"Soldotna",46,6.8,"Sunken Island IPA","Kenai River Brewing Company","IPA"
"7"," AK",224,434,"Anchorage",70,5.7,"Sockeye Red IPA","Midnight Sun Brewing Company","IPA"
"10"," AK",224,1814,"Anchorage",61,6.3,"Pleasure Town IPA","Midnight Sun Brewing Company","IPA"
"14"," AK",494,648,"Anchorage",64,6.1,"Fairweather IPA","Broken Tooth Brewing Company","IPA"
"26"," AL",413,637,"Huntsville",70,7.2,"Monkeynaut IPA","Straight to Ale","IPA"
"31"," AL",479,309,"Birmingham",64,6,"Good People IPA","Good People Brewing Company","IPA"
"35"," AL",479,312,"Birmingham",103,9.3,"Snake Handler Double IPA","Good People Brewing Company","IPA"
"43"," AZ",31,1071,"Chandler",85,7,"Hop Shock IPA","SanTan Brewing Company","IPA"
"51"," AZ",549,335,"Prescott",20.5,5.5,"Ponderosa IPA","Prescott Brewing Company","IPA"
"57"," AZ",31,317,"Chandler",85,7,"Hop Shock IPA (2010)","SanTan Brewing Company","IPA"
"70"," AZ",159,355,"Flagstaff",20.5,6.1,"Lumberyard IPA","Lumberyard Brewing Company","IPA"
"74"," AZ",161,358,"Tempe",47,6.7,"Hop Knot IPA","Four Peaks Brewing Company","IPA"
"85"," AZ",508,625,"Lake Havasu City",20.5,7.2,"Desert Magic IPA","Mudshark Brewing Company","IPA"
"88"," CA",515,718,"San Diego",42,8.7,"Rich Man's IIPA","Monkey Paw Pub & Brewery","IPA"
"91"," CA",289,1867,"San Diego",66,6.8,"Saint Archer IPA","Saint Archer Brewery","IPA"
"109"," CA",253,2002,"Santa Cruz",88,8.9,"Giant DIPA","Santa Cruz Mountain Brewing","IPA"
"120"," CA",241,1777,"Los Angeles",74,7.4,"2020 IPA","Golden Road Brewing","IPA"
"123"," CA",241,1490,"Los Angeles",60,5.9,"Point the Way IPA","Golden Road Brewing","IPA"
"125"," CA",253,1362,"Santa Cruz",42,7,"Casinos IPA","Santa Cruz Mountain Brewing","IPA"
"133"," CA",424,1346,"San Diego",86,8,"Habitus IPA","Hess Brewing Company","IPA"
"134"," CA",535,75,"Mammoth Lakes",42,6.5,"Epic IPA","Mammoth Brewing Company","IPA"
"144"," CA",347,1674,"Santee",93,9.9,"Chaotic Double IPA","Manzanita Brewing Company","IPA"
"145"," CA",35,1018,"San Diego",70,7,"Sculpin IPA","Ballast Point Brewing Company","IPA"
"146"," CA",36,2578,"San Francisco",42,6.5,"IPA","Anchor Brewing Company","IPA"
"151"," CA",369,796,"San Francisco",70,7,"Brew Free! or Die IPA (2009)","21st Amendment Brewery","IPA"
"152"," CA",172,367,"Boonville",80,7,"Hop Ottin' IPA (2011)","Anderson Valley Brewing Company","IPA"
"159"," CA",241,1641,"Los Angeles",92,9.4,"Better Weather IPA","Golden Road Brewing","IPA"
"165"," CA",369,797,"San Francisco",70,7,"Brew Free! or Die IPA (2008)","21st Amendment Brewery","IPA"
"168"," CA",321,1772,"Claremont",60,6.7,"Jacaranada Rye IPA","Claremont Craft Ales","IPA"
"169"," CA",351,1647,"San Luis Obispo",99,9.5,"Terrace Hill Double IPA","Central Coast Brewing Company","IPA"
"173"," CA",172,1327,"Boonville",80,7,"Hop Ottin' IPA","Anderson Valley Brewing Company","IPA"
"175"," CA",34,2034,"Torrance",42,5,"South Bay Session IPA","The Dudes' Brewing Company","IPA"
"177"," CA",369,799,"San Francisco",70,7,"21st Amendment IPA (2006)","21st Amendment Brewery","IPA"
"179"," CA",351,1648,"San Luis Obispo",85,7.2,"Lucky Day IPA","Central Coast Brewing Company","IPA"
"195"," CA",450,1229,"San Diego",95,8,"Dodgy Knight Imperial IPA","TailGate Beer","IPA"
"200"," CA",241,1698,"Los Angeles",70,8,"Wolf Among Weeds IPA","Golden Road Brewing","IPA"
"207"," CA",113,1898,"Temecula",35,7.5,"Blackmarket Rye IPA","Black Market Brewing Company","IPA"
"210"," CA",241,1296,"Los Angeles",60,5.9,"Point the Way IPA","Golden Road Brewing","IPA"
"212"," CA",450,663,"San Diego",44,5,"TailGate IPA","TailGate Beer","IPA"
"214"," CA",79,2486,"San Francisco",35,4.7,"Baby Daddy Session IPA","Speakasy Ales & Lagers","IPA"
"216"," CA",241,1399,"Los Angeles",65,6.8,"Heal the Bay IPA","Golden Road Brewing","IPA"
"222"," CA",99,1459,"San Diego",75,9.2,"Shipwrecked Double IPA","Mission Brewery","IPA"
"223"," CA",398,1478,"Sacramento",55,7.3,"CAPT Black IPA","Ruhstaller Beer Company","IPA"
"226"," CA",347,1673,"Santee",88,8,"Manzanita IPA","Manzanita Brewing Company","IPA"
"236"," CA",450,662,"San Diego",44,5,"TailGate IPA","TailGate Beer","IPA"
"237"," CA",241,750,"Los Angeles",70,8,"Burning Bush Smoked IPA","Golden Road Brewing","IPA"
"239"," CA",241,549,"Los Angeles",60,5.9,"Point the Way IPA (2012)","Golden Road Brewing","IPA"
"243"," CA",398,883,"Sacramento",55,7.3,"CAPT Black IPA","Ruhstaller Beer Company","IPA"
"245"," CA",99,2441,"San Diego",66,6.8,"Mission IPA","Mission Brewery","IPA"
"246"," CA",281,1893,"Mill Valley",77,8.8,"Hill 88 Double IPA","Headlands Brewing Company","IPA"
"249"," CA",241,749,"Los Angeles",70,8,"Wolf Among Weeds IPA (2012)","Golden Road Brewing","IPA"
"251"," CA",492,730,"Belmont",85,7.1,"California Sunshine Rye IPA","Devil's Canyon Brewery","IPA"
"264"," CA",369,10,"San Francisco",65,7,"Brew Free! or Die IPA","21st Amendment Brewery","IPA"
"277"," CO",264,1944,"Denver",40,7,"Incredible Pedal IPA","Denver Beer Company","IPA"
"285"," CO",265,1942,"Durango",40,4.5,"Rudie Session IPA","Ska Brewing Company","IPA"
"298"," CO",167,565,"Longmont",40,8,"Deviant Dale's IPA","Oskar Blues Brewery","IPA"
"323"," CO",420,1391,"Boulder",65,6.8,"Sanitas Black IPA","Sanitas Brewing Company","IPA"
"332"," CO",221,1762,"Broomfield",104,9.5,"Hemlock Double IPA","Big Choice Brewing","IPA"
"343"," CO",452,964,"Aurora",40,6.5,"Dank IPA (2012)","Dad & Dude's Breweria","IPA"
"351"," CO",7,2642,"Denver",40,7.1,"Titan IPA","Great Divide Brewing Company","IPA"
"357"," CO",452,1224,"Aurora",40,6.5,"Dank IPA","Dad & Dude's Breweria","IPA"
"362"," CO",83,564,"Fort Collins",70,6.5,"Ranger IPA","New Belgium Brewing Company","IPA"
"366"," CO",481,827,"Telluride",40,6.4,"Tempter IPA","Telluride Brewing Company","IPA"
"384"," CO",167,6,"Longmont",100,9.9,"GUBNA Imperial IPA","Oskar Blues Brewery","IPA"
"391"," CO",392,193,"Denver",68,6.2,"Lucky U IPA","Breckenridge Brewery","IPA"
"403"," CO",83,115,"Fort Collins",70,6.5,"Ranger IPA (Current)","New Belgium Brewing Company","IPA"
"409"," CO",108,1517,"Eagle",40,6.8,"Pink-I Raspberry IPA","Bonfire Brewing Company","IPA"
"423"," CO",516,556,"Greeley",71,7.7,"Eclipse Black IPA","Crabtree Brewing Company","IPA"
"448"," CO",292,1856,"Idaho Springs",87,7.3,"IPA & a Half","Tommyknocker Brewery","IPA"
"483"," CO",111,1176,"Denver",100,7,"Redacted Rye IPA","Renegade Brewing Company","IPA"
"485"," CO",83,2230,"Fort Collins",70,6.5,"Ranger IPA","New Belgium Brewing Company","IPA"
"494"," CO",356,1384,"Monument",75,7,"Elephant Rock IPA","Pikes Peak Brewing Company","IPA"
"497"," CO",342,1684,"Palisade",40,4.8,"Hula Hoppie Session IPA","Palisade Brewing Company","IPA"
"499"," CO",111,636,"Denver",100,7,"Ryeteous Rye IPA (2012)","Renegade Brewing Company","IPA"
"510"," CO",167,1750,"Longmont",40,6.05,"Birth IPA","Oskar Blues Brewery","IPA"
"519"," CO",167,2302,"Longmont",35,4.9,"Pinner Throwback IPA","Oskar Blues Brewery","IPA"
"524"," CO",370,1382,"Buena Vista",74,7.8,"Crank Yanker IPA","Eddyline Brewery & Restaurant","IPA"
"530"," CO",52,1932,"Boulder",33,6.5,"Thai Style White IPA","Upslope Brewing Company","IPA"
"532"," CO",370,395,"Buena Vista",74,7.8,"Crank Yanker IPA (2011)","Eddyline Brewery & Restaurant","IPA"
"536"," CT",411,42,"Woodbridge",85,8.8,"Gandhi-Bot Double IPA (16 oz.) (2010)","New England Brewing Company","IPA"
"538"," CT",411,320,"Woodbridge",85,8.8,"Gandhi-Bot Double IPA (12 oz.)","New England Brewing Company","IPA"
"539"," CT",411,39,"Woodbridge",29,6.2,"Sea Hag IPA (Current)","New England Brewing Company","IPA"
"542"," CT",436,1189,"Stratford",29,6,"Honeyspot Road White IPA","Two Roads Brewing Company","IPA"
"544"," CT",131,2368,"Wolcott",29,6.8,"Black Hop IPA","Shebeen Brewing Company","IPA"
"545"," CT",436,1171,"Stratford",29,7.2,"Road 2 Ruin Double IPA","Two Roads Brewing Company","IPA"
"554"," CT",411,885,"Woodbridge",29,6.2,"Sea Hag IPA","New England Brewing Company","IPA"
"556"," CT",236,1132,"Bloomfield",29,7,"Misty Mountain IPA","Back East Brewing Company","IPA"
"579"," FL",142,1694,"Tampa",60,7,"Dry-Hopped On The High Seas Caribbean-Style IPA","Cigar City Brewing Company","IPA"
"584"," FL",142,1141,"Tampa",70,7.5,"Jai Alai IPA Aged on White Oak","Cigar City Brewing Company","IPA"
"587"," FL",528,558,"Jacksonville",55,6.8,"I-10 IPA","Intuition Ale Works","IPA"
"599"," FL",309,1801,"Tampa",60,7.2,"Last Stop IPA","Brew Bus Brewing","IPA"
"600"," FL",222,2096,"Odessa",81,6.9,"Arcus IPA","Big Storm Brewing Company","IPA"
"608"," FL",142,546,"Tampa",70,7.5,"Jai Alai IPA","Cigar City Brewing Company","IPA"
"612"," FL",341,1685,"Boynton Beach",64,6.1,"Category 3 IPA","Due South Brewing Company","IPA"
"619"," FL",394,1506,"Miami",62,7.1,"Miami Vice IPA","Miami Brewing Company","IPA"
"628"," FL",379,1569,"Jacksonville",55,6.5,"Mad Manatee IPA","Bold City Brewery","IPA"
"630"," FL",491,544,"Tampa",80,7,"Old Elephant Foot IPA","Tampa Bay Brewing Company","IPA"
"634"," GA",50,1710,"Atlanta",55,6.4,"SweetWater IPA","SweetWater Brewing Company","IPA"
"642"," GA",476,938,"Marietta",55,6.2,"Gangway IPA","Red Hare Brewing Company","IPA"
"658"," HI",376,31,"Lahaina",65,6.2,"Big Swell IPA","Maui Brewing Company","IPA"
"668"," HI",204,2185,"Hilo",75,7.2,"Tsunami IPA","Mehana Brewing Co.","IPA"
"673"," HI",204,2186,"Hilo",75,7.2,"Tsunami IPA","Mehana Brewing Co.","IPA"
"683"," IA",483,970,"Des Moines",75,6.8,"Des Moines IPA","Confluence Brewing Company","IPA"
"689"," IA",209,2163,"Kalona",26,7.1,"Sucha Much IPA","Kalona Brewing Company","IPA"
"700"," IA",366,540,"Davenport",70,7,"Big Cock IPA","Great River Brewery","IPA"
"708"," ID",310,879,"Boise",100,6.3,"Dagger Falls IPA","Sockeye Brewing Company","IPA"
"715"," ID",308,1048,"Garden City",65,6.2,"Outlaw IPA","Payette Brewing Company","IPA"
"718"," ID",310,1447,"Boise",39,7.9,"Hopnoxious Imperial IPA","Sockeye Brewing Company","IPA"
"721"," ID",310,1596,"Boise",100,6.3,"Dagger Falls IPA","Sockeye Brewing Company","IPA"
"722"," ID",219,1396,"Ponderay",66,6.4,"Laughing Dog IPA","Laughing Dog Brewing Company","IPA"
"730"," ID",310,1595,"Boise",100,6.3,"Dagger Falls IPA","Sockeye Brewing Company","IPA"
"732"," ID",310,1655,"Boise",39,9.2,"Double Dagger Imperial IPA","Sockeye Brewing Company","IPA"
"735"," IL",45,415,"Chicago",70,6.5,"Anti-Hero IPA","Revolution Brewing Company","IPA"
"765"," IL",362,430,"Lake Barrington",100,8.2,"Hop Slayer Double IPA (2011)","Wild Onion Brewing Company","IPA"
"770"," IL",75,642,"Warrenville",30,6.5,"Outlaw IPA (2015)","Two Brothers Brewing Company","IPA"
"773"," IL",362,740,"Lake Barrington",100,8.2,"Hop Slayer Double IPA (2011)","Wild Onion Brewing Company","IPA"
"777"," IL",328,1753,"Chicago",30,7,"Heyoka IPA","Half Acre Beer Company","IPA"
"781"," IL",58,2025,"Bloomington",76,6.3,"Vertex IPA","Destihl Brewery","IPA"
"783"," IL",41,2585,"Murphysboro",60,7.5,"Galaxy IPA","Big Muddy Brewing","IPA"
"788"," IL",176,2206,"Chicago",30,9.6,"Bitter Biker Double IPA","Spiteful Brewing Company","IPA"
"802"," IL",362,1619,"Lake Barrington",100,8.2,"Hop Slayer Double IPA","Wild Onion Brewing Company","IPA"
"818"," IL",257,481,"Chicago",30,7.5,"Threadless IPA","Finch's Beer Company","IPA"
"821"," IL",176,1819,"Chicago",30,6.2,"Spiteful IPA","Spiteful Brewing Company","IPA"
"824"," IL",176,1821,"Chicago",30,9.6,"Bitter Biker Double IPA","Spiteful Brewing Company","IPA"
"848"," IN",18,1449,"Evansville",115,8.5,"Overlord Imperial IPA","Tin Man Brewing Company","IPA"
"857"," IN",166,1701,"Aurora",60,6.2,"Great Crescent IPA","Great Crescent Brewery","IPA"
"880"," IN",206,2168,"Lafayette",62,6.2,"Amazon Princess IPA","People's Brewing Company","IPA"
"888"," IN",203,1950,"Bloomington",33,6,"Dragonfly IPA","Upland Brewing Company","IPA"
"893"," IN",359,1623,"Shelbyville",33,7.2,"Lift Off IPA","Daredevil Brewing Company","IPA"
"905"," IN",316,1786,"Avon",33,6.3,"Half Court IPA","Cutters Brewing Company","IPA"
"915"," IN",25,2158,"Michigan City",86,7.2,"3:33 Black IPA","Burn 'Em Brewing","IPA"
"934"," IN",203,2190,"Bloomington",50,4.5,"Campside Session IPA","Upland Brewing Company","IPA"
"944"," IN",17,1610,"Indianapolis",104,6,"Half Cycle IPA","Flat 12 Bierwerks","IPA"
"947"," IN",206,2175,"Lafayette",77,6.5,"Mound Builder IPA","People's Brewing Company","IPA"
"959"," IN",166,436,"Aurora",60,6.2,"Great Crescent IPA (2011)","Great Crescent Brewery","IPA"
"965"," KS",46,1017,"Manhattan",110,6.8,"Ethos IPA","Tallgrass Brewing Company","IPA"
"984"," KS",46,101,"Manhattan",60,6.3,"Tallgrass IPA","Tallgrass Brewing Company","IPA"
"993"," KY",101,652,"Lexington",31.5,6.25,"West Sixth IPA","West Sixth Brewing","IPA"
"999"," KY",389,1149,"Lexington",31.5,6.5,"Kentucky IPA","Alltech's Lexington Brewing Company","IPA"
"1014"," LA",153,1755,"Baton Rouge",60,7,"Juke Joint IPA","Tin Roof Brewing Company","IPA"
"1020"," LA",175,486,"New Orleans",31.5,6.5,"Hopitoulas IPA","New Orleans Lager & Ale Brewing ...","IPA"
"1021"," LA",534,516,"Abita Springs",52,6.5,"Jockamo IPA","Abita Brewing Company","IPA"
"1042"," MA",104,2420,"Lowell",85,6.8,"Back Bay IPA","Beer Works Brewery","IPA"
"1048"," MA",231,2066,"Gloucester",64,5.5,"Fisherman's IPA","Cape Ann Brewing Company","IPA"
"1052"," MA",296,618,"Westminster",55,6,"Green Monsta IPA","Wachusett Brewing Company","IPA"
"1056"," MA",231,2067,"Gloucester",130,9,"Dead-Eye DIPA","Cape Ann Brewing Company","IPA"
"1061"," MA",296,1846,"Westminster",37,4,"Wachusett Light IPA","Wachusett Brewing Company","IPA"
"1063"," MA",235,770,"Boston",42,5.9,"Harpoon IPA (2012)","Harpoon Brewery","IPA"
"1066"," MA",305,1812,"Canton",80,8,"Quarter Mile Double IPA","Blue Hills Brewery","IPA"
"1075"," MA",296,1845,"Westminster",55,6,"Green Monsta IPA","Wachusett Brewing Company","IPA"
"1077"," MA",235,126,"Boston",42,5.9,"Harpoon IPA (2010)","Harpoon Brewery","IPA"
"1081"," MA",296,1844,"Westminster",50,5.6,"Wachusett IPA","Wachusett Brewing Company","IPA"
"1082"," MA",235,1653,"Boston",45,6.2,"The Long Thaw White IPA","Harpoon Brewery","IPA"
"1083"," MA",478,1003,"Sheffield",35,7,"Big Elm IPA","Big Elm Brewing","IPA"
"1084"," MA",340,1697,"Worcester",69,6.5,"Be Hoppy IPA","Wormtown Brewery","IPA"
"1094"," MA",279,1900,"South Deerfield",40,5.5,"Lost Sailor IPA","Berkshire Brewing Company","IPA"
"1095"," MA",235,1379,"Boston",42,5.9,"Harpoon IPA","Harpoon Brewery","IPA"
"1097"," MA",296,1418,"Westminster",85,8.5,"Larry Imperial IPA","Wachusett Brewing Company","IPA"
"1099"," MA",272,1917,"Ipswich",35,4.3,"Left of the Dial IPA","Notch Brewing Company","IPA"
"1100"," MA",294,1854,"Northamtpon",35,6.9,"Blue Boots IPA","Northampton Brewery","IPA"
"1102"," MA",301,1629,"Boston",45,6.5,"Rebel IPA","Boston Beer Company","IPA"
"1105"," MA",496,915,"Newburyport",35,7.2,"Green Head IPA","Newburyport Brewing Company","IPA"
"1108"," MA",296,1029,"Westminster",37,4,"Wachusett Light IPA (2013)","Wachusett Brewing Company","IPA"
"1111"," MD",69,2514,"Mt. Airy",29,7,"Suicide Blonde IPA","Red Shedman Farm Brewery and Hop...","IPA"
"1116"," MD",522,608,"Frederick",60,7.1,"Snake Dog IPA","Flying Dog Brewery","IPA"
"1123"," MD",69,2515,"Mt. Airy",45,5.5,"Pump House IPA","Red Shedman Farm Brewery and Hop...","IPA"
"1137"," ME",386,1539,"Portland",65,6.9,"Monkey Fist IPA","Shipyard Brewing Company","IPA"
"1142"," ME",318,1783,"Belfast",61,7.2,"Toughcats IPA","Marshall Wharf Brewing Company","IPA"
"1146"," ME",293,182,"Lewiston",69,6.9,"Stowaway IPA","Baxter Brewing Company","IPA"
"1148"," ME",107,2426,"Pineland",70,6.7,"Clean Shave IPA","Glabrous Brewing Company","IPA"
"1163"," MI",11,2092,"Grand Rapids",35,6.2,"BRIPA","Brewery Vivant","IPA"
"1171"," MI",11,669,"Grand Rapids",35,9.7,"Trebuchet Double IPA (2012)","Brewery Vivant","IPA"
"1181"," MI",122,2380,"Cheboygan",58,5.7,"IPA #11","Cheboygan Brewing Company","IPA"
"1190"," MI",254,1556,"Frankenmuth",69,6.9,"Batch 69 IPA","Frankenmuth Brewery","IPA"
"1195"," MI",397,1498,"Hudsonville",35,6,"Super G IPA","White Flame Brewing Company","IPA"
"1202"," MI",73,528,"Detroit",62,5,"Grand Circus IPA","Atwater Brewery","IPA"
"1254"," MI",125,2007,"Birmingham",55,4,"Norm's Gateway IPA","Griffin Claw Brewing Company","IPA"
"1262"," MI",230,158,"Rochester",35,7,"Cornerstone IPA","Rochester Mills Brewing Company","IPA"
"1282"," MI",16,1223,"Grand Rapids",42,4.7,"All Day IPA","Founders Brewing Company","IPA"
"1289"," MI",11,2597,"Grand Rapids",35,6,"Linnaeus Mango IPA","Brewery Vivant","IPA"
"1295"," MI",11,1443,"Grand Rapids",35,9.3,"Trebuchet Double IPA","Brewery Vivant","IPA"
"1297"," MI",13,1481,"Marquette",51,7,"51K IPA","Blackrocks Brewery","IPA"
"1305"," MI",125,2139,"Birmingham",35,7.5,"Norm's Raggedy Ass IPA","Griffin Claw Brewing Company","IPA"
"1315"," MI",14,2628,"Comstock Park",35,5,"Grapefruit IPA","Perrin Brewing Company","IPA"
"1316"," MI",16,1565,"Grand Rapids",65,7.2,"Centennial IPA","Founders Brewing Company","IPA"
"1332"," MN",475,1026,"Minnetonka",44.5,6.8,"Preservation IPA","Tonka Beer Company","IPA"
"1339"," MN",62,1112,"Brooklyn Center",69,7.3,"Overrated! West Coast Style IPA","Surly Brewing Company","IPA"
"1341"," MN",445,985,"Vadnais Heights",50,6.6,"Bark Bite IPA","Big Wood Brewery","IPA"
"1349"," MN",54,2557,"Roseville",44.5,8.3,"Uber Lupin Schwarz IPA","Bent Brewstillery","IPA"
"1356"," MN",76,1901,"Duluth",68,6.2,"Bent Hop Golden IPA","Bent Paddle Brewing Company","IPA"
"1361"," MN",445,1255,"Vadnais Heights",76,9.8,"Bad Axe Imperial IPA","Big Wood Brewery","IPA"
"1372"," MN",278,1903,"Minneapolis",90,6.8,"Let It Ride IPA","Indeed Brewing Company","IPA"
"1375"," MO",443,1258,"O'Fallon",66,6.1,"5 Day IPA","O'Fallon Brewery","IPA"
"1378"," MO",315,1540,"Bucryus",24,7,"Masked Bandit IPA","Piney River Brewing Company","IPA"
"1384"," MO",429,1078,"Saint Louis",30,4.5,"Schlafly IPA","Schlafly Brewing Company","IPA"
"1415"," MO",133,2343,"Weston",89,7.5,"O’Malley’s IPA","Weston Brewing Company","IPA"
"1418"," MS",134,2362,"Hattiesburg",72,7.5,"2014 IPA Cicada Series","Southern Prohibition Brewing Com...","IPA"
"1420"," MS",134,2346,"Hattiesburg",65,7.7,"Sinister Minister Black IPA","Southern Prohibition Brewing Com...","IPA"
"1431"," MT",538,474,"Helena",40,5.7,"Tumbleweed IPA","Lewis and Clark Brewing Company","IPA"
"1432"," MT",511,758,"Missoula",65,6.5,"Double Haul IPA (2006)","Kettle House Brewing Company","IPA"
"1439"," MT",337,1714,"Missoula",65,6.2,"Big Sky IPA","Big Sky Brewing Company","IPA"
"1440"," MT",337,579,"Missoula",65,6.2,"Big Sky IPA (2012)","Big Sky Brewing Company","IPA"
"1450"," MT",511,759,"Missoula",65,6.5,"Double Haul IPA (2009)","Kettle House Brewing Company","IPA"
"1452"," MT",511,86,"Missoula",65,6.5,"Double Haul IPA","Kettle House Brewing Company","IPA"
"1453"," MT",410,1433,"Lakeside",40,6.8,"Hat Trick Hop IPA","Tamarack Brewing Company","IPA"
"1466"," MT",220,1289,"Bozeman",80,7,"Bozone HopZone IPA","Bozeman Brewing Company","IPA"
"1480"," NC",325,1760,"Black Mountain",51,6.9,"GreyBeard™ IPA","Pisgah Brewing Company","IPA"
"1486"," NC",529,428,"Asheville",69,6,"Shiva IPA","Asheville Brewing Company","IPA"
"1502"," NC",180,530,"Pittsboro",33.5,5.7,"Flagship IPA","Carolina Brewery","IPA"
"1507"," NC",390,1328,"Brevard",85,8,"Deviant Dale's IPA","Oskar Blues Brewery (North Carol...","IPA"
"1524"," NC",360,1621,"Charlotte",80,7.2,"Hop Drop 'N Roll IPA","NoDa Brewing Company","IPA"
"1526"," ND",336,1435,"Fargo",19,4.5,"Stone's Throw IPA","Fargo Brewing Company","IPA"
"1538"," NE",283,1222,"Kearney",35,6.5,"Cropduster Mid-American IPA","Thunderhead Brewing Company","IPA"
"1540"," NE",381,1319,"Lincoln",35,9.6,"Pernicious Double IPA","Blue Blood Brewing Company","IPA"
"1551"," NE",381,1025,"Lincoln",35,5.6,"N Street Drive-In 50th Anniversary IPA","Blue Blood Brewing Company","IPA"
"1559"," NH",110,2417,"North Woodstock",82,6.5,"4000 Footer IPA","Woodstock Inn, Station & Brewery","IPA"
"1568"," NJ",282,1891,"Ridgefield Park",30,4.2,"Longhop IPA","Bolero Snort Brewery","IPA"
"1572"," NM",266,1938,"Albuquerque",72,6.2,"Almanac IPA","Tractor Brewing Company","IPA"
"1576"," NM",333,664,"Albuquerque",100,7.2,"Elevated IPA","La Cumbre Brewing Company","IPA"
"1577"," NM",393,217,"Santa Fe",51,6.6,"Happy Camper IPA","Santa Fe Brewing Company","IPA"
"1581"," NM",393,967,"Santa Fe",95,7.1,"Black IPA","Santa Fe Brewing Company","IPA"
"1589"," NV",531,538,"Reno",41,8,"Tour de Nez Belgian IPA (Current)","Buckbean Brewing Company","IPA"
"1591"," NV",234,468,"Henderson",90,9.3,"Hop Box Imperial IPA","Joseph James Brewing Company","IPA"
"1597"," NY",300,1135,"Utica",60,6.5,"Our Legacy IPA","Matt Brewing Company","IPA"
"1601"," NY",557,51,"Garrattsville",47,6.8,"Snapperhead IPA","Butternuts Beer and Ale","IPA"
"1618"," NY",300,686,"Utica",47,6,"Saranac White IPA","Matt Brewing Company","IPA"
"1625"," NY",300,1831,"Utica",60,6.5,"Our Legacy IPA","Matt Brewing Company","IPA"
"1660"," NY",490,692,"Patchogue",40,6,"Blue Point White IPA","Blue Point Brewing Company","IPA"
"1683"," OH",225,2088,"Middleburg Heights",80,7,"Hop Stalker Fresh Hop IPA","Fat Head's Brewery","IPA"
"1688"," OH",322,1771,"Lockland",55,5,"Lil SIPA","Rivertown Brewing Company","IPA"
"1690"," OH",184,1765,"Columbus",68,7,"Golden Ratio IPA","Seventh Son Brewing Company","IPA"
"1691"," OH",100,2440,"Cincinnati",126,8.9,"Bay of Bengal Double IPA (2014)","Christian Moerlein Brewing Company","IPA"
"1700"," OH",106,2424,"Columbus",70,7,"Big Star White IPA","Four String Brewing Company","IPA"
"1711"," OH",93,689,"Athens",40,7,"Mystic Mama IPA","Jackie O's Pub & Brewery","IPA"
"1721"," OK",183,1442,"Oklahoma City",100,6.8,"F5 IPA","COOP Ale Works","IPA"
"1733"," OK",377,1576,"Midwest City",80,7,"RoughTail IPA","RoughTail Brewing Company","IPA"
"1744"," OR",465,1109,"Bend",70,7,"Descender IPA","Good Life Brewing Company","IPA"
"1757"," OR",495,918,"Silverton",105,7,"Frankenlou's IPA","Seven Brides Brewery","IPA"
"1760"," OR",207,1566,"Astoria",40,6.2,"Next Adventure Black IPA","Fort George Brewery","IPA"
"1761"," OR",156,36,"Ashland",94,6.1,"Caldera IPA","Caldera Brewing Company","IPA"
"1765"," OR",199,1353,"Springfield",90,6.5,"Alphadelic IPA","Hop Valley Brewing Company","IPA"
"1773"," OR",199,1543,"Springfield",70,6.3,"Proxima IPA","Hop Valley Brewing Company","IPA"
"1775"," OR",207,1515,"Astoria",40,6.7,"3-Way IPA (2013)","Fort George Brewery","IPA"
"1781"," OR",81,653,"Portland",75,6.6,"Hopworks IPA (2012)","Hopworks Urban Brewery","IPA"
"1786"," OR",156,792,"Ashland",94,6.1,"Caldera IPA (2007)","Caldera Brewing Company","IPA"
"1801"," OR",207,1911,"Astoria",40,4.5,"Suicide Squeeze IPA","Fort George Brewery","IPA"
"1810"," OR",151,999,"Eugene",70,6.7,"Watershed IPA (2013)","Oakshire Brewing","IPA"
"1811"," OR",200,1512,"Bend",69,6.9,"Worthy IPA (2013)","Worthy Brewing Company","IPA"
"1816"," OR",156,2315,"Ashland",100,6.8,"Hopportunity Knocks IPA","Caldera Brewing Company","IPA"
"1818"," OR",151,2331,"Eugene",70,6.7,"Watershed IPA","Oakshire Brewing","IPA"
"1824"," OR",375,980,"Astoria",138,8.2,"Bitter Bitch Imperial IPA","Astoria Brewing Company","IPA"
"1838"," OR",207,318,"Astoria",97,7.4,"Vortex IPA","Fort George Brewery","IPA"
"1840"," OR",81,2199,"Portland",75,6.6,"Hopworks IPA","Hopworks Urban Brewery","IPA"
"1841"," OR",118,2401,"Portland",103,8.2,"Yellow Wolf Imperial IPA","Alameda Brewing","IPA"
"1842"," OR",156,793,"Ashland",94,6.1,"Caldera IPA (2009)","Caldera Brewing Company","IPA"
"1849"," OR",200,2194,"Bend",69,6.9,"Worthy IPA","Worthy Brewing Company","IPA"
"1851"," OR",117,2323,"Portland",60,6.7,"Ultra Gnar Gnar IPA","Base Camp Brewing Co.","IPA"
"1856"," OR",199,499,"Springfield",90,6.5,"Alphadelic IPA (2011)","Hop Valley Brewing Company","IPA"
"1858"," OR",154,2316,"Sisters",82,6.2,"Hoodoo Voodoo IPA","Three Creeks Brewing","IPA"
"1860"," OR",437,1282,"Medford",65,5.5,"Nice Rack IPA","Southern Oregon Brewing Company","IPA"
"1861"," OR",202,682,"Estacada",40,6.9,"Mjolnir Imperial IPA","Fearless Brewing Company","IPA"
"1866"," PA",302,891,"Danville",30,7.5,"Overbite IPA","Old Forge Brewing Company","IPA"
"1869"," PA",432,1307,"Slippery Rock",30,6,"Paleo IPA","North Country Brewing Company","IPA"
"1871"," PA",326,1758,"Croydon",30,6.6,"County Line IPA","Neshaminy Creek Brewing Company","IPA"
"1873"," PA",372,894,"Pottstown",90,8.4,"Odyssey Imperial IPA","Sly Fox Brewing Company","IPA"
"1885"," PA",372,24,"Pottstown",113,7,"113 IPA","Sly Fox Brewing Company","IPA"
"1897"," PA",164,2305,"Phoenixville",70,6,"Homefront IPA","Sly Fox Brewing Company","IPA"
"1904"," PA",44,2048,"Export",30,5,"Dayman IPA","Rivertowne Brewing Company","IPA"
"1905"," PA",44,1099,"Export",30,6.2,"Old Wylie's IPA","Rivertowne Brewing Company","IPA"
"1908"," PA",323,1603,"Meadville",85,7.3,"Good Vibes IPA","Voodoo Brewery","IPA"
"1909"," PA",165,1782,"Lansdale",30,6.3,"Kiss Off IPA","Round Guys Brewing","IPA"
"1914"," PA",299,1686,"York",75,6.5,"Irregardless IPA","Liquid Hero Brewery","IPA"
"1921"," PA",98,1509,"Hershey",85,7.5,"Perpetual IPA","Tröegs Brewing Company","IPA"
"1923"," PA",298,1833,"Pittsburgh",45,5.8,"Hop Farm IPA","Hop Farm Brewing Company","IPA"
"1942"," PA",357,1334,"Philadelphia",85,8.5,"Dreamin' Double IPA","Manayunk Brewing Company","IPA"
"1958"," PA",357,1624,"Philadelphia",30,5.5,"Manayunk IPA","Manayunk Brewing Company","IPA"
"1962"," RI",280,983,"Pawtucket",24,6,"Backyahd IPA","Foolproof Brewing Company","IPA"
"1969"," RI",102,2437,"Newport",75,6.5,"Newport Storm IPA","Coastal Extreme Brewing Company","IPA"
"1993"," SC",385,575,"Mt. Pleasant",65,6.8,"Westbrook IPA","Westbrook Brewing Company","IPA"
"2008"," SD",213,271,"Spearfish",35,6,"11th Hour IPA","Crow Peak Brewing Company","IPA"
"2013"," TN",520,632,"Chattanooga",55,6,"House Brand IPA","Big River Brewing Company","IPA"
"2037"," TX",128,943,"Dallas",70,7,"Deep Ellum IPA","Deep Ellum Brewing Company","IPA"
"2044"," TX",414,343,"Austin",33,6.2,"Fire Eagle IPA","Austin Beerworks","IPA"
"2048"," TX",288,1874,"Dallas",73,7.6,"El Chingon IPA","Four Corners Brewing Company","IPA"
"2064"," TX",119,1497,"Conroe",100,9.2,"Valkyrie Double IPA","Southern Star Brewing Company","IPA"
"2072"," TX",414,1409,"Austin",33,7,"Heavy Machinery IPA Series #1: Heavy Fist","Austin Beerworks","IPA"
"2101"," TX",464,1158,"Alpine",33,7.8,"La Frontera Premium IPA","Big Bend Brewing Company","IPA"
"2109"," TX",243,2038,"Austin",75,7,"Infamous IPA","Infamous Brewing Company","IPA"
"2112"," TX",126,666,"Houston",85,9.5,"Rodeo Clown Double IPA","Karbach Brewing Company","IPA"
"2143"," TX",128,2166,"Dallas",100,8.5,"Dream Crusher Double IPA","Deep Ellum Brewing Company","IPA"
"2146"," UT",160,1089,"Salt Lake City",82,7.3,"Hop Notch IPA (2013)","Uinta Brewing Company","IPA"
"2150"," UT",303,1682,"Salt Lake City",34,6,"Wasatch Ghostrider White IPA (2014)","Utah Brewers Cooperative","IPA"
"2151"," UT",303,1680,"Salt Lake City",75,9,"Squatters Hop Rising Double IPA (2014)","Utah Brewers Cooperative","IPA"
"2153"," UT",400,644,"Moab",34,4,"Johnny's American IPA","Moab Brewery","IPA"
"2157"," UT",160,1723,"Salt Lake City",83,7.3,"Hop Nosh IPA","Uinta Brewing Company","IPA"
"2164"," UT",160,1925,"Salt Lake City",42,4,"Trader Session IPA","Uinta Brewing Company","IPA"
"2165"," UT",303,1823,"Salt Lake City",34,6,"Wasatch Ghostrider White IPA","Utah Brewers Cooperative","IPA"
"2166"," UT",303,1825,"Salt Lake City",75,9,"Squatters Hop Rising Double IPA","Utah Brewers Cooperative","IPA"
"2172"," VA",456,1206,"Hardy",42,7,"Red Clay IPA","Sunken City Brewing Company","IPA"
"2180"," VA",237,1933,"Charlottesville",65,7,"Missile IPA","Champion Brewing Company","IPA"
"2185"," VA",431,1309,"Ashburn",65,6.2,"Face Plant IPA","Lost Rhino Brewing Company","IPA"
"2190"," VA",116,2407,"Norfolk",88,7,"Rule G IPA","Smartmouth Brewing Company","IPA"
"2191"," VA",307,1806,"Virginia Beach",108,8.8,"Hoptopus Double IPA","Beach Brewing Company","IPA"
"2201"," VA",274,1912,"Charlottesville",50,6,"40 Mile IPA","Three Notch'd Brewing Company","IPA"
"2203"," VA",345,1676,"Abingdon",135,5.9,"Troopers Alley IPA","Wolf Hills Brewing Company","IPA"
"2223"," VT",42,2582,"East Fairfield",30,5.5,"Mosaic Single Hop IPA","Lost Nation Brewing","IPA"
"2227"," VT",329,1749,"Burlington",45,4.6,"Just IPA","The Just Beer Project","IPA"
"2230"," VT",276,1908,"Middlebury",45,5.5,"Fresh Slice White IPA","Otter Creek Brewing","IPA"
"2236"," VT",269,1926,"Bridgewater Corners",42,5.9,"Long Trail IPA","Long Trail Brewing Company","IPA"
"2241"," WA",191,505,"Seattle",70,6.2,"Evolutionary IPA (2011)","Two Beers Brewing Company","IPA"
"2243"," WA",451,1227,"Pacific",38,6.3,"Hoppy Bitch IPA","Northwest Brewing Company","IPA"
"2248"," WA",354,1639,"Bellingham",38,7.7,"Aslan IPA","Aslan Brewing Company","IPA"
"2267"," WA",402,837,"Washougal",43,6.2,"Desolation IPA","Amnesia Brewing Company","IPA"
"2269"," WA",191,1659,"Seattle",70,6.2,"Evo IPA","Two Beers Brewing Company","IPA"
"2273"," WA",312,1795,"Woodinville",72,6.5,"Filthy Hoppin' IPA","Dirty Bucket Brewing Company","IPA"
"2276"," WA",291,1857,"Seattle",67,6.9,"Supergoose IPA","Hale's Ales","IPA"
"2277"," WA",461,1174,"Seattle",38,4,"77 Fremont Select Spring Session IPA","Fremont Brewing Company","IPA"
"2278"," WA",482,47,"Gig Harbor",82,8.4,"Ballz Deep Double IPA","7 Seas Brewing Company","IPA"
"2281"," WA",191,1173,"Seattle",70,6.2,"Evolutionary IPA (2012)","Two Beers Brewing Company","IPA"
"2283"," WA",171,1504,"White Salmon",80,6.2,"Country Boy IPA","Everybody's Brewing","IPA"
"2287"," WA",482,972,"Gig Harbor",75,5.9,"Rude Parrot IPA","7 Seas Brewing Company","IPA"
"2296"," WA",488,583,"Woodinville",44,6.5,"Long Hammer IPA","Redhook Brewery","IPA"
"2299"," WA",488,945,"Woodinville",44,6.5,"Long Hammer IPA","Redhook Brewery","IPA"
"2303"," WA",461,857,"Seattle",80,6.5,"Interurban IPA","Fremont Brewing Company","IPA"
"2305"," WA",510,762,"Tacoma",83,7.4,"Ace IPA","Wingman Brewers","IPA"
"2319"," WI",132,2150,"Stevens Point",64,6.3,"Beyond The Pale IPA","Stevens Point Brewery","IPA"
"2331"," WI",350,1652,"Green Bay",19,4.2,"White Cap White IPA","Hinterland Brewery","IPA"
"2333"," WI",229,2077,"Lake Geneva",50,7.2,"No Wake IPA","Geneva Lake Brewing Company","IPA"
"2345"," WI",147,2337,"Hayward",19,6,"Charlie's Rye IPA","Angry Minnow","IPA"
"2348"," WI",33,1254,"Stevens Point",19,6,"JP's Ould Sod Irish Red IPA","James Page Brewing Company","IPA"
"2368"," WI",193,2227,"Middleton",80,6.5,"Dark Voyage Black IPA (2013)","Capital Brewery","IPA"
"2379"," WI",193,1177,"Middleton",70,6.2,"Mutiny IPA","Capital Brewery","IPA"
"2391"," WI",193,1954,"Middleton",55,5.6,"Ghost Ship White IPA","Capital Brewery","IPA"
"2395"," WV",157,2313,"Lewisburg",71,6.7,"Mothman Black IPA","Greenbrier Valley Brewing Company","IPA"
"2409"," WY",458,1199,"Sheridan",75,7,"Indian Paintbrush IPA","The Black Tooth Brewing Company","IPA"
"2"," AK",103,2436,"Anchorage",46,5.1,"Amber Ale","King Street Brewing Company","Ales"
"3"," AK",494,920,"Anchorage",17,5.2,"Polar Pale Ale","Broken Tooth Brewing Company","Ales"
"6"," AK",459,348,"Soldotna",46,5.8,"Skilak Scottish Ale (2011)","Kenai River Brewing Company","Ales"
"9"," AK",224,587,"Anchorage",12,4.8,"Snowshoe White Ale","Midnight Sun Brewing Company","Ales"
"12"," AK",558,30,"Anchorage",46,4.9,"Urban Wilderness Pale Ale","Sleeping Lady Brewing Company","Ales"
"15"," AK",494,919,"Anchorage",46,4.8,"Chugach Session Ale","Broken Tooth Brewing Company","Ales"
"17"," AK",459,1193,"Soldotna",46,5.8,"Skilak Scottish Ale","Kenai River Brewing Company","Ales"
"18"," AK",224,586,"Anchorage",24,5,"Kodiak Brown Ale","Midnight Sun Brewing Company","Ales"
"20"," AK",494,921,"Anchorage",15,5,"Northern Lights Amber Ale","Broken Tooth Brewing Company","Ales"
"22"," AK",454,947,"Talkeetna",71,6.5,"Twister Creek India Pale Ale","Denali Brewing Company","Ales"
"23"," AK",454,1159,"Talkeetna",46,5.6,"Mother Ale","Denali Brewing Company","Ales"
"25"," AK",103,1665,"Anchorage",46,4.9,"King Street Blonde Ale","King Street Brewing Company","Ales"
"27"," AL",287,1875,"Gadsden",43,6,"Naked Pig Pale Ale","Back Forty Beer Company","Ales"
"29"," AL",287,1876,"Gadsden",43,6,"Truck Stop Honey Brown Ale","Back Forty Beer Company","Ales"
"30"," AL",479,308,"Birmingham",36,5.8,"Good People American Brown Ale","Good People Brewing Company","Ales"
"33"," AL",479,1000,"Birmingham",36,5.6,"Good People Pale Ale","Good People Brewing Company","Ales"
"38"," AR",260,1961,"Rogers",39,4,"Ozark American Pale Ale","Ozark Beer Company","Ales"
"42"," AZ",31,839,"Chandler",20.5,8.1,"Rail Slide Imperial Spiced Ale","SanTan Brewing Company","Ales"
"46"," AZ",31,850,"Chandler",45,5.5,"Devil’s Ale","SanTan Brewing Company","Ales"
"47"," AZ",31,124,"Chandler",20,5.5,"Epicenter Amber Ale (2010)","SanTan Brewing Company","Ales"
"54"," AZ",161,1585,"Tempe",9,4.2,"Four Peaks Peach Ale","Four Peaks Brewing Company","Ales"
"59"," AZ",550,327,"Flagstaff",20.5,5,"Wapiti Amber Ale","Mogollon Brewing Company","Ales"
"61"," AZ",31,1073,"Chandler",20,5.5,"Epicenter Amber Ale","SanTan Brewing Company","Ales"
"66"," AZ",161,1635,"Tempe",21,6,"Kilt Lifter Scottish-Style Ale","Four Peaks Brewing Company","Ales"
"69"," AZ",31,764,"Chandler",45,5.5,"American Idiot Ale (2012)","SanTan Brewing Company","Ales"
"71"," AZ",161,179,"Tempe",21,6,"Kilt Lifter Scottish-Style Ale (2009)","Four Peaks Brewing Company","Ales"
"73"," AZ",31,285,"Chandler",45,5.5,"Devil’s Ale (2010)","SanTan Brewing Company","Ales"
"77"," AZ",159,125,"Flagstaff",20.5,5.8,"Lumberyard Red Ale","Lumberyard Brewing Company","Ales"
"78"," AZ",537,143,"Williams",20.5,5.4,"Grand Canyon Sunset Amber Ale","Grand Canyon Brewing Company","Ales"
"79"," AZ",508,132,"Lake Havasu City",20.5,8.5,"Full Moon Belgian White Ale (2007)","Mudshark Brewing Company","Ales"
"83"," AZ",31,1934,"Chandler",15,5,"SunSpot Golden Ale","SanTan Brewing Company","Ales"
"84"," AZ",508,768,"Lake Havasu City",20.5,8.5,"Full Moon Belgian White Ale","Mudshark Brewing Company","Ales"
"86"," AZ",537,142,"Williams",20.5,5.5,"Black Iron India Pale Ale","Grand Canyon Brewing Company","Ales"
"87"," AZ",549,64,"Prescott",20.5,5.5,"Liquid Amber Ale","Prescott Brewing Company","Ales"
"92"," CA",289,1868,"San Diego",15,5,"Saint Archer White Ale","Saint Archer Brewery","Ales"
"94"," CA",515,717,"San Diego",42,5.8,"Monkey Paw Oatmeal Pale Ale","Monkey Paw Pub & Brewery","Ales"
"97"," CA",289,1865,"San Diego",40,5.2,"Saint Archer Pale Ale","Saint Archer Brewery","Ales"
"98"," CA",84,1905,"Chico",37,5.6,"Sierra Nevada Pale Ale","Sierra Nevada Brewing Company","Ales"
"101"," CA",172,76,"Boonville",28,5.5,"Poleeko Gold Pale Ale (2009)","Anderson Valley Brewing Company","Ales"
"103"," CA",523,543,"Santa Cruz",42,6.8,"Bacon Brown Ale","Uncommon Brewers","Ales"
"106"," CA",84,400,"Chico",37,5.6,"Sierra Nevada Pale Ale","Sierra Nevada Brewing Company","Ales"
"112"," CA",49,1957,"Paso Robles",42,4.7,"805 Blonde Ale","Firestone Walker Brewing Company","Ales"
"118"," CA",518,668,"Carlsbad",36,5.6,"Mucho Aloha Hawaiian Pale Ale","Butcher's Brewing","Ales"
"128"," CA",311,1437,"San Francisco",42,5,"Atom Splitter Pale Ale","Pine Street Brewery","Ales"
"131"," CA",334,1735,"Diamond Springs",42,5,"Sprocket Blonde Ale (2006)","David's Ale Works","Ales"
"132"," CA",334,1734,"Diamond Springs",42,5,"Sprocket Pale Ale (2006)","David's Ale Works","Ales"
"135"," CA",535,73,"Mammoth Lakes",42,4.5,"Real McCoy Amber Ale (Current)","Mammoth Brewing Company","Ales"
"153"," CA",172,78,"Boonville",15,5.8,"Boont Amber Ale (2011)","Anderson Valley Brewing Company","Ales"
"154"," CA",35,1400,"San Diego",75,7,"Big Eye India Pale Ale","Ballast Point Brewing Company","Ales"
"156"," CA",35,1401,"San Diego",23,5.2,"Ballast Point Pale Ale","Ballast Point Brewing Company","Ales"
"172"," CA",36,2592,"San Francisco",42,5.9,"Liberty Ale","Anchor Brewing Company","Ales"
"176"," CA",253,1683,"Santa Cruz",42,5.4,"Dread Brown Ale","Santa Cruz Mountain Brewing","Ales"
"181"," CA",113,1896,"Temecula",44,5.8,"Aftermath Pale Ale","Black Market Brewing Company","Ales"
"187"," CA",172,1326,"Boonville",15,5.8,"Boont Amber Ale","Anderson Valley Brewing Company","Ales"
"189"," CA",433,1302,"Santa Cruz",60,7.4,"Blur India Pale Ale","Seabright Brewery","Ales"
"193"," CA",449,1047,"Half Moon Bay",53,3.7,"Back in the Saddle Rye Pale Ale","Mavericks Beer Company","Ales"
"194"," CA",172,1818,"Boonville",42,4.2,"Keebarlin' Pale Ale","Anderson Valley Brewing Company","Ales"
"196"," CA",172,811,"Boonville",15,5.8,"Boont Amber Ale (2010)","Anderson Valley Brewing Company","Ales"
"197"," CA",492,647,"Belmont",12,7.4,"Full Boar Scotch Ale","Devil's Canyon Brewery","Ales"
"205"," CA",523,347,"Santa Cruz",42,6.4,"Golden State Ale","Uncommon Brewers","Ales"
"206"," CA",351,1649,"San Luis Obispo",15,5.1,"Chai Ale","Central Coast Brewing Company","Ales"
"244"," CA",99,1460,"San Diego",44,4.8,"El Conquistador Extra Pale Ale","Mission Brewery","Ales"
"248"," CA",371,1191,"Carlsbad",42,6.8,"Swami's India Pale Ale","Pizza Port Brewing Company","Ales"
"254"," CA",371,1457,"Carlsbad",42,4.9,"Chronic Ale","Pizza Port Brewing Company","Ales"
"256"," CA",492,731,"Belmont",42,5.8,"Kaleidoscope Collaboration 2012","Devil's Canyon Brewery","Ales"
"258"," CA",347,1671,"Santee",49,9.5,"Gillespie Brown Ale","Manzanita Brewing Company","Ales"
"259"," CA",398,882,"Sacramento",35,5.6,"1881 California Red Ale","Ruhstaller Beer Company","Ales"
"263"," CA",347,1670,"Santee",44,6.6,"Manzanita Pale Ale","Manzanita Brewing Company","Ales"
"269"," CA",347,1672,"Santee",25,6,"Riverwalk Blonde Ale","Manzanita Brewing Company","Ales"
"271"," CO",108,2422,"Eagle",72,6.6,"Firestarter India Pale Ale","Bonfire Brewing Company","Ales"
"276"," CO",418,808,"Boulder",35,5.7,"Hoopla Pale Ale","Boulder Beer Company","Ales"
"278"," CO",514,735,"Colorado Springs",40,5.2,"On-On Ale (2008)","Arctic Craft Brewery","Ales"
"282"," CO",38,106,"Boulder",17,5.5,"Ellie’s Brown Ale","Avery Brewing Company","Ales"
"283"," CO",167,754,"Longmont",65,6.5,"Dale's Pale Ale (2010)","Oskar Blues Brewery","Ales"
"286"," CO",7,2649,"Denver",40,8.7,"Hibernation Ale","Great Divide Brewing Company","Ales"
"288"," CO",108,1183,"Eagle",45,5.3,"Kindler Pale Ale","Bonfire Brewing Company","Ales"
"289"," CO",420,1392,"Boulder",20,5.8,"Sanitas Saison Ale","Sanitas Brewing Company","Ales"
"294"," CO",7,2650,"Denver",40,5,"Denver Pale Ale (Artist Series No. 1)","Great Divide Brewing Company","Ales"
"295"," CO",167,720,"Longmont",40,9,"15th Anniversary Abbey Ale (2012)","Oskar Blues Brewery","Ales"
"297"," CO",108,1727,"Eagle",22,7.5,"Kilt Dropper Scotch Ale","Bonfire Brewing Company","Ales"
"2981"," CO",167,565,"Longmont",40,8,"Deviant Dale's IPA","Oskar Blues Brewery","Ales"
"300"," CO",64,356,"Edwards",25,5.2,"Crazy Mountain Amber Ale","Crazy Mountain Brewing Company","Ales"
"301"," CO",38,107,"Boulder",69,6.3,"Avery India Pale Ale","Avery Brewing Company","Ales"
"305"," CO",425,84,"Denver",40,5.2,"Rail Yard Ale (2009)","Wynkoop Brewing Company","Ales"
"307"," CO",105,2434,"Lone Tree",40,5.7,"Peach Pale Ale","Lone Tree Brewing Company","Ales"
"308"," CO",406,1454,"Boulder",20,5,"Parcae Belgian Style Pale Ale","Fate Brewing Company","Ales"
"310"," CO",108,1500,"Eagle",40,4.7,"Moe's Original Bar B Que 'Bama Brew Golden Ale","Bonfire Brewing Company","Ales"
"312"," CO",149,1431,"Arvada",40,5.1,"Ghost Rider Pale Ale (2013)","Odyssey Beerwerks","Ales"
"315"," CO",136,711,"Dillon",68,5.7,"Over the Rail Pale Ale","Pug Ryan's Brewery","Ales"
"320"," CO",167,755,"Longmont",65,6.5,"Dale's Pale Ale (2011)","Oskar Blues Brewery","Ales"
"321"," CO",442,696,"Fort Collins",22,4.5,"Old Town Ale","Pateros Creek Brewing Company","Ales"
"326"," CO",430,1322,"Boulder",45,7,"Green Bullet Organic India Pale Ale","Asher Brewing Company","Ales"
"328"," CO",64,613,"Edwards",40,6,"Mountain Livin' Pale Ale","Crazy Mountain Brewing Company","Ales"
"334"," CO",442,697,"Fort Collins",48,5.3,"Stimulator Pale Ale","Pateros Creek Brewing Company","Ales"
"336"," CO",392,83,"Denver",19,5.4,"Avalanche Ale","Breckenridge Brewery","Ales"
"338"," CO",149,1720,"Arvada",40,5.1,"Ghose Drifter Pale Ale","Odyssey Beerwerks","Ales"
"339"," CO",167,1,"Longmont",65,6.5,"Dale's Pale Ale","Oskar Blues Brewery","Ales"
"340"," CO",167,4,"Longmont",85,8.7,"Gordon Ale (2009)","Oskar Blues Brewery","Ales"
"341"," CO",265,70,"Durango",40,5.3,"True Blonde Ale","Ska Brewing Company","Ales"
"342"," CO",108,1360,"Eagle",38,4.8,"Screaming Eagle Special Ale ESB","Bonfire Brewing Company","Ales"
"345"," CO",425,145,"Denver",40,5.5,"Silverback Pale Ale","Wynkoop Brewing Company","Ales"
"346"," CO",83,748,"Fort Collins",18,5.2,"Fat Tire Amber Ale (2011)","New Belgium Brewing Company","Ales"
"347"," CO",108,997,"Eagle",40,5.8,"Awry Rye Pale Ale","Bonfire Brewing Company","Ales"
"348"," CO",504,744,"Lyons",65,6.5,"Dale's Pale Ale (2006)","Oskar Blues Brewery","Ales"
"349"," CO",108,996,"Eagle",40,5.8,"Demshitz Brown Ale","Bonfire Brewing Company","Ales"
"350"," CO",481,589,"Telluride",40,5.5,"Bridal Veil Rye Pale Ale","Telluride Brewing Company","Ales"
"352"," CO",108,1421,"Eagle",40,4.7,"Live Local Golden Ale","Bonfire Brewing Company","Ales"
"356"," CO",265,69,"Durango",40,6.1,"Euphoria Pale Ale","Ska Brewing Company","Ales"
"358"," CO",265,68,"Durango",58,5.7,"ESB Special Ale","Ska Brewing Company","Ales"
"359"," CO",167,828,"Longmont",65,6.5,"Dale's Pale Ale (2012)","Oskar Blues Brewery","Ales"
"364"," CO",481,973,"Telluride",40,5.7,"Face Down Brown Ale","Telluride Brewing Company","Ales"
"369"," CO",453,1218,"Edwards",40,5,"All American Red Ale","Centennial Beer Company","Ales"
"373"," CO",221,1422,"Broomfield",40,4.1,"West Portal Colorado Common Summer Ale","Big Choice Brewing","Ales"
"374"," CO",167,892,"Longmont",65,6.5,"Dale's Pale Ale (10 Year Anniversary)","Oskar Blues Brewery","Ales"
"378"," CO",83,71,"Fort Collins",18,5.2,"Fat Tire Amber Ale (2008)","New Belgium Brewing Company","Ales"
"379"," CO",406,1452,"Boulder",20,5,"Laimas Kölsch Style Ale","Fate Brewing Company","Ales"
"381"," CO",64,940,"Edwards",40,6.05,"Boohai Red Ale","Crazy Mountain Brewing Company","Ales"
"383"," CO",120,90,"Durango",65,6.5,"Third Eye Pale Ale","Steamworks Brewing Company","Ales"
"387"," CO",504,745,"Lyons",65,6.5,"Dale's Pale Ale (2008)","Oskar Blues Brewery","Ales"
"388"," CO",52,345,"Boulder",40,6.7,"Upslope Brown Ale","Upslope Brewing Company","Ales"
"389"," CO",504,743,"Lyons",65,6.5,"Dale's Pale Ale (2004)","Oskar Blues Brewery","Ales"
"394"," CO",532,448,"Dolores",40,6.05,"Dolores River Pale Ale","Dolores River Brewery","Ales"
"395"," CO",64,1163,"Edwards",40,6.05,"WinterWonderGrass Festival Ale","Crazy Mountain Brewing Company","Ales"
"396"," CO",453,1219,"Edwards",40,5,"All American Blonde Ale","Centennial Beer Company","Ales"
"402"," CO",52,80,"Boulder",40,5.8,"Upslope Pale Ale","Upslope Brewing Company","Ales"
"410"," CO",497,871,"Aurora",49,5.8,"Dry Dock Amber Ale","Dry Dock Brewing Company","Ales"
"411"," CO",83,1586,"Fort Collins",18,5.2,"Fat Tire Amber Ale","New Belgium Brewing Company","Ales"
"414"," CO",52,906,"Boulder",40,7.7,"Upslope Pumpkin Ale","Upslope Brewing Company","Ales"
"415"," CO",552,161,"Silverton",40,6,"Red Mountain Ale","Silverton Brewery","Ales"
"418"," CO",425,1045,"Denver",40,5.5,"Wynkoop Pumpkin Ale","Wynkoop Brewing Company","Ales"
"420"," CO",406,1451,"Boulder",70,7,"Moirai India Pale Ale","Fate Brewing Company","Ales"
"424"," CO",108,1548,"Eagle",40,4.7,"Slow & Steady Golden Ale","Bonfire Brewing Company","Ales"
"431"," CO",83,563,"Fort Collins",18,5.2,"Fat Tire Amber Ale","New Belgium Brewing Company","Ales"
"433"," CO",111,1005,"Denver",25,5,"5:00 O'Clock Afternoon Ale","Renegade Brewing Company","Ales"
"434"," CO",167,955,"Longmont",65,6.5,"Dale's Pale Ale","Oskar Blues Brewery","Ales"
"436"," CO",387,220,"Paonia",40,6.2,"Colorado Red Ale","Revolution Brewing","Ales"
"443"," CO",167,1252,"Longmont",65,6.5,"Dale's Pale Ale","Oskar Blues Brewery","Ales"
"444"," CO",370,1014,"Buena Vista",40,5,"Pumpkin Patch Ale (2012)","Eddyline Brewery & Restaurant","Ales"
"451"," CO",425,807,"Denver",40,5.2,"Rail Yard Ale","Wynkoop Brewing Company","Ales"
"454"," CO",167,1883,"Longmont",40,5.2,"Centennial State Pale Ale","Oskar Blues Brewery","Ales"
"457"," CO",52,79,"Boulder",40,7.2,"Upslope India Pale Ale","Upslope Brewing Company","Ales"
"458"," CO",504,742,"Lyons",65,6.5,"Dale's Pale Ale (2003)","Oskar Blues Brewery","Ales"
"463"," CO",532,449,"Dolores",40,6.05,"Snaggletooth Double Pale Ale","Dolores River Brewery","Ales"
"464"," CO",108,1549,"Eagle",94,7,"Farmer Wirtz India Pale Ale","Bonfire Brewing Company","Ales"
"465"," CO",295,1847,"Denver",44,6.6,"Colorado Red Ale","Black Shirt Brewing Company","Ales"
"466"," CO",120,2386,"Durango",65,6.5,"Third Eye Enlightened Pale Ale","Steamworks Brewing Company","Ales"
"469"," CO",552,160,"Silverton",40,6.8,"Ice Pick Ale","Silverton Brewery","Ales"
"471"," CO",111,1006,"Denver",100,9.9,"Elevation Triple India Pale Ale","Renegade Brewing Company","Ales"
"473"," CO",392,397,"Denver",15,4.5,"SummerBright Ale","Breckenridge Brewery","Ales"
"477"," CO",524,596,"Aspen",67,7,"Independence Pass Ale","Aspen Brewing Company","Ales"
"478"," CO",108,633,"Eagle",72,6.6,"Firestarter India Pale Ale","Bonfire Brewing Company","Ales"
"484"," CO",52,2561,"Boulder",40,7.6,"Lee Hill Series Vol. 1 - Barrel Aged Brown Ale","Upslope Brewing Company","Ales"
"488"," CO",356,1636,"Monument",40,5.6,"Local 5 Pale Ale","Pikes Peak Brewing Company","Ales"
"490"," CO",356,1518,"Monument",40,7.3,"Devils Head Red Ale","Pikes Peak Brewing Company","Ales"
"492"," CO",504,741,"Lyons",65,6.5,"Dale's Pale Ale (2002)","Oskar Blues Brewery","Ales"
"496"," CO",460,1179,"Denver",40,5,"River North Ale","River North Brewery","Ales"
"498"," CO",167,1444,"Longmont",65,6.5,"Dale's Pale Ale","Oskar Blues Brewery","Ales"
"501"," CO",425,1316,"Denver",40,8.2,"Colorojo Imperial Red Ale","Wynkoop Brewing Company","Ales"
"504"," CO",52,683,"Boulder",30,7.5,"Upslope Belgian Style Pale Ale","Upslope Brewing Company","Ales"
"509"," CO",52,2564,"Boulder",40,10.4,"Lee Hill Series Vol. 4 - Manhattan Style Rye Ale","Upslope Brewing Company","Ales"
"512"," CO",516,716,"Greeley",40,4.8,"Trigger Blonde Ale","Crabtree Brewing Company","Ales"
"514"," CO",370,1110,"Buena Vista",40,6,"River Runners Pale Ale","Eddyline Brewery & Restaurant","Ales"
"516"," CO",52,1315,"Boulder",90,9.9,"Upslope Imperial India Pale Ale","Upslope Brewing Company","Ales"
"517"," CO",295,1850,"Denver",83,7.1,"American India Red Ale","Black Shirt Brewing Company","Ales"
"518"," CO",52,907,"Boulder",40,8.2,"Upslope Christmas Ale","Upslope Brewing Company","Ales"
"520"," CO",473,1057,"Boulder",31,6,"South Ridge Amber Ale","Crystal Springs Brewing Company","Ales"
"521"," CO",370,1590,"Buena Vista",40,5,"Pumpkin Patch Ale","Eddyline Brewery & Restaurant","Ales"
"523"," CO",460,1180,"Denver",40,5,"River North White Ale","River North Brewery","Ales"
"531"," CO",52,1853,"Boulder",30,7.5,"Ferus Fluxus Wild Belgian Pale Ale","Upslope Brewing Company","Ales"
"533"," CO",52,2565,"Boulder",40,12.8,"Lee Hill Series Vol. 5 - Belgian Style Quadrupel Ale","Upslope Brewing Company","Ales"
"535"," CO",473,681,"Boulder",23,5.2,"Summertime Ale","Crystal Springs Brewing Company","Ales"
"537"," CT",109,2421,"Bloomfield",11,5.1,"Watermelon Ale","Thomas Hooker Brewing Company","Ales"
"540"," CT",411,40,"Woodbridge",29,5,"Atlantic Amber Ale (2007)","New England Brewing Company","Ales"
"548"," CT",411,757,"Woodbridge",29,5,"Atlantic Amber Ale (2004)","New England Brewing Company","Ales"
"550"," CT",249,1361,"Stamford",18,5.2,"Half Full Bright Ale","Half Full Brewery","Ales"
"552"," CT",236,1426,"Bloomfield",29,4.9,"Back East Golden Ale","Back East Brewing Company","Ales"
"553"," CT",236,1131,"Bloomfield",29,5,"Back East Ale","Back East Brewing Company","Ales"
"560"," CT",90,2456,"East Windsor",29,6.1,"Broad Brook Ale","Broad Brook Brewing LLC","Ales"
"571"," DE",540,433,"Greenville",52,5.5,"Greenville Pale Ale","Twin Lakes Brewing Company","Ales"
"572"," DE",317,1784,"Wilmington",52,5.5,"Appreciation Ale","Iron Hill Brewery & Restaurant","Ales"
"575"," FL",142,1695,"Tampa",55,6.3,"Wiregrass Post-Prohibition Ale","Cigar City Brewing Company","Ales"
"576"," FL",528,553,"Jacksonville",28,5.3,"People's Pale Ale","Intuition Ale Works","Ales"
"577"," FL",468,1096,"Tampa Bay",55,5.7,"Tampa Pale Ale","Brindle Dog Brewing Company","Ales"
"580"," FL",468,1095,"Tampa Bay",55,5.7,"Orange Grove Wheat Ale","Brindle Dog Brewing Company","Ales"
"581"," FL",142,1142,"Tampa",70,7.5,"Humidor Series India Pale Ale","Cigar City Brewing Company","Ales"
"582"," FL",466,1107,"Jacksonville Beach",55,7,"Nut Sack Imperial Brown Ale","Engine 15 Brewing","Ales"
"588"," FL",467,1106,"Jacksonville",30,5,"Pablo Beach Pale Ale","Green Room Brewing","Ales"
"593"," FL",142,1138,"Tampa",25,5.5,"Maduro Brown Ale","Cigar City Brewing Company","Ales"
"594"," FL",309,1800,"Tampa",21,5,"Rollin Dirty Red Ale","Brew Bus Brewing","Ales"
"601"," FL",528,559,"Jacksonville",20,4.5,"Jon Boat Coastal Ale","Intuition Ale Works","Ales"
"607"," FL",448,1240,"Gainesville",35,5.6,"Stump Knocker Pale Ale","Swamp Head Brewery","Ales"
"614"," FL",142,1139,"Tampa",55,5,"Invasion Pale Ale","Cigar City Brewing Company","Ales"
"616"," FL",142,569,"Tampa",75,7.2,"Tocobaga Red Ale","Cigar City Brewing Company","Ales"
"617"," FL",379,1568,"Jacksonville",55,5.5,"Killer Whale Cream Ale","Bold City Brewery","Ales"
"618"," FL",379,1188,"Jacksonville",55,6,"Duke's Cold Nose Brown Ale","Bold City Brewery","Ales"
"622"," FL",142,571,"Tampa",25,5.5,"Maduro Brown Ale","Cigar City Brewing Company","Ales"
"624"," FL",394,1325,"Miami",16,5.3,"Big Rod Coconut Ale","Miami Brewing Company","Ales"
"629"," FL",394,1507,"Miami",30,5.3,"Gator Tail Brown Ale","Miami Brewing Company","Ales"
"632"," GA",470,1082,"Athens",42,4.7,"RecreationAle","Terrapin Brewing Company","Ales"
"633"," GA",217,2113,"Atlanta",55,6.5,"Lyric Ale","Orpheus Brewing","Ales"
"636"," GA",401,1475,"Macon",55,5,"Macon Progress Ale","Macon Beer Company","Ales"
"637"," GA",416,1406,"Savannah",55,6.2,"Savannah Brown Ale","Coastal Empire Beer Company","Ales"
"639"," GA",401,1008,"Macon",55,5.5,"Macon History Ale","Macon Beer Company","Ales"
"641"," GA",476,1021,"Marietta",55,7.2,"Watership Brown Ale","Red Hare Brewing Company","Ales"
"644"," GA",50,1709,"Atlanta",55,5.4,"420 Extra Pale Ale","SweetWater Brewing Company","Ales"
"649"," HI",204,2177,"Hilo",23,5.2,"Volcano Red Ale","Mehana Brewing Co.","Ales"
"650"," HI",205,2181,"Hilo",22.5,6.4,"Hapa Brown Ale","Hawai'i Nui Brewing Co.","Ales"
"652"," HI",205,2180,"Hilo",22.5,6.4,"Hapa Brown Ale","Hawai'i Nui Brewing Co.","Ales"
"654"," HI",204,2184,"Hilo",22,4.2,"Humpback Blonde Ale","Mehana Brewing Co.","Ales"
"661"," HI",376,690,"Lahaina",24,6,"Sobrehumano Palena'ole","Maui Brewing Company","Ales"
"663"," HI",205,2183,"Hilo",22.5,4.9,"Kaua'i Golden Ale","Hawai'i Nui Brewing Co.","Ales"
"669"," HI",204,2176,"Hilo",42,5.4,"Mauna Kea Pale Ale","Mehana Brewing Co.","Ales"
"674"," IA",366,863,"Davenport",48,5.3,"483 Pale Ale","Great River Brewery","Ales"
"675"," IA",366,1275,"Davenport",26,4.8,"Dirty Blonde Chocolate Ale","Great River Brewery","Ales"
"678"," IA",366,864,"Davenport",30,5.4,"Roller Dam Red Ale","Great River Brewery","Ales"
"679"," IA",366,1064,"Davenport",30,5,"Owney Irish Style Red Ale","Great River Brewery","Ales"
"680"," IA",366,1446,"Davenport",26,4.8,"Great River Golden Ale","Great River Brewery","Ales"
"681"," IA",366,189,"Davenport",30,5.4,"Roller Dam Red Ale (2010)","Great River Brewery","Ales"
"684"," IA",472,600,"Spirit Lake",23,5,"Boji Beach Golden Rye Ale","Okoboji Brewing Company","Ales"
"687"," IA",366,672,"Davenport",99,9,"Hop A Potamus Double Dark Rye Pale Ale","Great River Brewery","Ales"
"688"," IA",483,968,"Des Moines",21,5.6,"Farmer John's Multi-Grain Ale","Confluence Brewing Company","Ales"
"691"," IA",366,190,"Davenport",48,5.3,"483 Pale Ale (2010)","Great River Brewery","Ales"
"692"," IA",366,517,"Davenport",25,4.8,"40th Annual Bix Street Fest Copper Ale (Current)","Great River Brewery","Ales"
"694"," IA",366,1604,"Davenport",5,5,"Chickawawa Lemonale","Great River Brewery","Ales"
"697"," IA",366,655,"Davenport",22,7,"Farmer Brown Ale","Great River Brewery","Ales"
"699"," IA",472,603,"Spirit Lake",29,6,"Midwest Charm Farmhouse Ale","Okoboji Brewing Company","Ales"
"701"," IA",472,602,"Spirit Lake",45,5,"Boji Blue Pale Ale","Okoboji Brewing Company","Ales"
"703"," IA",472,1058,"Spirit Lake",26,6.5,"33 Select Brown Ale","Okoboji Brewing Company","Ales"
"705"," ID",310,1298,"Boise",39,5,"Sockeye Belgian Style Summer Ale","Sockeye Brewing Company","Ales"
"706"," ID",308,890,"Garden City",35,4.8,"Payette Pale Ale","Payette Brewing Company","Ales"
"710"," ID",310,1152,"Boise",39,4.3,"Galena Golden","Sockeye Brewing Company","Ales"
"711"," ID",219,2108,"Ponderay",12,5,"Laughing Dog Cream Ale","Laughing Dog Brewing Company","Ales"
"713"," ID",310,1424,"Boise",39,5.5,"Boise Co-Op Two Score Ale","Sockeye Brewing Company","Ales"
"724"," ID",314,1792,"Meridian",39,5.8,"Iron Butt Red Ale","Slanted Rock Brewing Company","Ales"
"725"," ID",170,1104,"Garden City",39,5.6,"Rusty Nail Pale Ale","Crooked Fence Brewing Company","Ales"
"726"," ID",310,1798,"Boise",39,5,"Thanksgiving Ale","Sockeye Brewing Company","Ales"
"727"," ID",314,1609,"Meridian",92,7.1,"Initial Point India Pale Ale","Slanted Rock Brewing Company","Ales"
"729"," ID",308,1805,"Garden City",35,4.2,"Rodeo Rye Pale Ale","Payette Brewing Company","Ales"
"731"," ID",310,1151,"Boise",32,5.2,"Hell-Diver Pale Ale","Sockeye Brewing Company","Ales"
"737"," IL",362,334,"Lake Barrington",30,4.5,"Wild Onion Pumpkin Ale (2010)","Wild Onion Brewing Company","Ales"
"740"," IL",362,1364,"Lake Barrington",30,5,"Big Bowl Blonde Ale","Wild Onion Brewing Company","Ales"
"743"," IL",58,1887,"Bloomington",22,4.9,"Abbey's Single Ale (Current)","Destihl Brewery","Ales"
"745"," IL",328,1066,"Chicago",30,5.5,"Akari Shogun American Wheat Ale","Half Acre Beer Company","Ales"
"756"," IL",197,2198,"Chicago",55,5.9,"Goose Island India Pale Ale","Goose Island Brewery Company","Ales"
"757"," IL",328,148,"Chicago",30,5.2,"Daisy Cutter Pale Ale","Half Acre Beer Company","Ales"
"760"," IL",362,162,"Lake Barrington",41,5.6,"Paddy Pale Ale","Wild Onion Brewing Company","Ales"
"772"," IL",45,418,"Chicago",31,6.1,"Fistmas Ale","Revolution Brewing Company","Ales"
"774"," IL",45,609,"Chicago",15,5.8,"Rosa Hibiscus Ale","Revolution Brewing Company","Ales"
"775"," IL",362,1618,"Lake Barrington",30,4.5,"Pumpkin Ale","Wild Onion Brewing Company","Ales"
"791"," IL",75,1121,"Warrenville",36,5.1,"Sidekick Extra Pale Ale","Two Brothers Brewing Company","Ales"
"792"," IL",89,1829,"Chicago",18,4.2,"312 Urban Wheat Ale","Goose Island Brewing Company","Ales"
"794"," IL",257,1662,"Chicago",22,5,"Wet Hot American Wheat Ale","Finch's Beer Company","Ales"
"796"," IL",75,1040,"Warrenville",30,6.5,"Hobnob B & B Pale Ale","Two Brothers Brewing Company","Ales"
"797"," IL",328,352,"Chicago",30,6,"Over Ale","Half Acre Beer Company","Ales"
"800"," IL",89,2457,"Chicago",30,5.4,"312 Urban Pale Ale","Goose Island Brewing Company","Ales"
"805"," IL",257,350,"Chicago",30,4.7,"Golden Wing Blonde Ale","Finch's Beer Company","Ales"
"807"," IL",89,2201,"Chicago",18,4.2,"312 Urban Wheat Ale","Goose Island Brewing Company","Ales"
"810"," IL",257,351,"Chicago",30,5.5,"Cut Throat Pale Ale (2011)","Finch's Beer Company","Ales"
"811"," IL",176,1820,"Chicago",30,7.3,"Ghost Bike Pale Ale","Spiteful Brewing Company","Ales"
"813"," IL",89,2202,"Chicago",30,5.4,"312 Urban Pale Ale","Goose Island Brewing Company","Ales"
"816"," IL",553,174,"Libertyville",30,5.6,"Mickey Finn's Amber Ale","Mickey Finn's Brewery","Ales"
"817"," IL",328,149,"Chicago",30,4.2,"Gossamer Golden Ale","Half Acre Beer Company","Ales"
"820"," IL",257,809,"Chicago",30,5.5,"Cut Throat Pale Ale","Finch's Beer Company","Ales"
"822"," IL",89,581,"Chicago",20,4.2,"312 Urban Wheat Ale (2012)","Goose Island Brewing Company","Ales"
"823"," IL",257,935,"Chicago",72,8,"Fascist Pig Ale","Finch's Beer Company","Ales"
"843"," IN",251,2017,"Angola",30,5.5,"Pail Ale","Chapman's Brewing","Ales"
"849"," IN",166,1699,"Aurora",22,5.3,"Great Crescent Blonde Ale","Great Crescent Brewery","Ales"
"869"," IN",22,2615,"Martinsville",37,5.4,"Pale","Three Pints Brewing","Ales"
"871"," IN",251,2018,"Angola",8,6.5,"Ale Cider","Chapman's Brewing","Ales"
"877"," IN",316,1789,"Avon",33,4.9,"Lost River Blonde Ale","Cutters Brewing Company","Ales"
"887"," IN",507,780,"Fort Wayne",33,4.7,"T-6 Red Ale (2004)","Warbird Brewing Company","Ales"
"897"," IN",166,1990,"Aurora",18,5.7,"Cherry Ale","Great Crescent Brewery","Ales"
"903"," IN",26,213,"Indianapolis",23,5.4,"Wee Mac Scottish-Style Ale","Sun King Brewing Company","Ales"
"917"," IN",26,55,"Indianapolis",20,5.3,"Sunlight Cream Ale","Sun King Brewing Company","Ales"
"920"," IN",26,1389,"Indianapolis",50,5.6,"Osiris Pale Ale","Sun King Brewing Company","Ales"
"935"," IN",25,2478,"Michigan City",40,5.5,"Pale Alement","Burn 'Em Brewing","Ales"
"936"," IN",18,950,"Evansville",22,5.1,"Rivet Irish Red Ale","Tin Man Brewing Company","Ales"
"938"," IN",166,649,"Aurora",36,4.5,"Great Crescent Brown Ale","Great Crescent Brewery","Ales"
"939"," IN",25,2054,"Michigan City",40,5.5,"Pale Alement","Burn 'Em Brewing","Ales"
"943"," IN",166,639,"Aurora",18,5.7,"Cherry Ale (1)","Great Crescent Brewery","Ales"
"945"," IN",26,54,"Indianapolis",50,5.6,"Osiris Pale Ale (2010)","Sun King Brewing Company","Ales"
"946"," IN",166,389,"Aurora",22,5.3,"Great Crescent Blonde Ale (2011)","Great Crescent Brewery","Ales"
"953"," IN",203,1951,"Bloomington",15,4.5,"Upland Wheat Ale","Upland Brewing Company","Ales"
"961"," IN",166,439,"Aurora",26,4.2,"Great Crescent Mild Ale","Great Crescent Brewery","Ales"
"968"," KS",46,1196,"Manhattan",20,5.6,"Wild Plum Farmhouse Ale","Tallgrass Brewing Company","Ales"
"975"," KS",501,96,"Leavenworth",20,5.5,"Annie's Amber Ale","High Noon Saloon And Brewery","Ales"
"976"," KS",46,103,"Manhattan",22,4.4,"Tallgrass Ale","Tallgrass Brewing Company","Ales"
"977"," KS",46,1009,"Manhattan",12,4.4,"Tallgrass Pub Ale","Tallgrass Brewing Company","Ales"
"979"," KS",284,1886,"Hays",44,4.5,"Thrasher Session India Pale Ale","Defiance Brewing Company","Ales"
"983"," KS",46,595,"Manhattan",20,5.2,"8-Bit Pale Ale","Tallgrass Brewing Company","Ales"
"986"," KS",284,1885,"Hays",16,5,"Gutch English Style Mild Ale","Defiance Brewing Company","Ales"
"996"," KY",101,2439,"Lexington",31.5,9,"Christmas Ale","West Sixth Brewing","Ales"
"997"," KY",101,1069,"Lexington",31.5,5.5,"West Sixth Amber Ale","West Sixth Brewing","Ales"
"1008"," LA",153,2321,"Baton Rouge",31.5,5.5,"Turnrow Harvest Ale","Tin Roof Brewing Company","Ales"
"1009"," LA",175,484,"New Orleans",31.5,4.9,"NOLA Blonde Ale","New Orleans Lager & Ale Brewing ...","Ales"
"1016"," LA",270,1922,"Shreveport",31.5,5.2,"Southern Drawl Pale Lager","Great Raft Brewing Company","Ales"
"1017"," LA",175,2272,"New Orleans",31.5,5,"Rebirth Pale Ale","New Orleans Lager & Ale Brewing ...","Ales"
"1018"," LA",153,495,"Baton Rouge",37,5.5,"Voodoo Bengal Pale Ale","Tin Roof Brewing Company","Ales"
"1022"," LA",175,485,"New Orleans",31.5,3.9,"NOLA Brown Ale","New Orleans Lager & Ale Brewing ...","Ales"
"1023"," LA",153,529,"Baton Rouge",18,4.5,"Tin Roof Blonde Ale","Tin Roof Brewing Company","Ales"
"1027"," MA",301,1144,"Boston",7,5.3,"Samuel Adams Summer Ale","Boston Beer Company","Ales"
"1032"," MA",512,738,"Marlborough",35,5,"Archer's Ale (2004)","Sherwood Forest Brewers","Ales"
"1035"," MA",124,2376,"Ipswich",35,4.9,"Summer Ale","Ipswich Ale Brewery","Ales"
"1041"," MA",104,2419,"Lowell",16,4.8,"Bunker Hill Blueberry Ale ","Beer Works Brewery","Ales"
"1054"," MA",104,2423,"Lowell",45,5.8,"Fenway American Pale Ale","Beer Works Brewery","Ales"
"1059"," MA",319,1643,"Williamsburg",45,3.5,"Banner American Ale","Banner Beer Company","Ales"
"1064"," MA",296,619,"Westminster",10,4.5,"Wachusett Blueberry Ale","Wachusett Brewing Company","Ales"
"1069"," MA",478,1001,"Sheffield",35,6,"413 Farmhouse Ale","Big Elm Brewing","Ales"
"1076"," MA",104,2435,"Lowell",10,5,"Watermelon Ale","Beer Works Brewery","Ales"
"1086"," MA",279,1317,"South Deerfield",20,5.3,"Steel Rail Extra Pale Ale","Berkshire Brewing Company","Ales"
"1087"," MA",146,56,"Nantucket",35,5.6,"Whale's Tale Pale Ale","Cisco Brewers","Ales"
"1089"," MA",496,913,"Newburyport",35,5.5,"Newburyport Pale Ale","Newburyport Brewing Company","Ales"
"1090"," MA",296,1030,"Westminster",17,5.1,"Country Pale Ale","Wachusett Brewing Company","Ales"
"1101"," MA",319,1776,"Williamsburg",35,4.5,"All Nighter Ale","Banner Beer Company","Ales"
"1107"," MA",146,656,"Nantucket",35,6.5,"Indie Pale Ale","Cisco Brewers","Ales"
"1119"," MD",263,1945,"Baltimore",29,5,"Birdhouse Pale Ale","The Brewer's Art","Ales"
"1126"," MD",72,829,"Baltimore",29,5.5,"Duckpin Pale Ale","Union Craft Brewing","Ales"
"1131"," ME",293,707,"Lewiston",61,4.7,"Celsius Summer Ale (2012)","Baxter Brewing Company","Ales"
"1132"," ME",324,1763,"Portland",61,4.5,"Geary's Pale Ale","D.L. Geary Brewing Company","Ales"
"1134"," ME",386,814,"Portland",61,4.7,"Pumpkinhead Ale","Shipyard Brewing Company","Ales"
"1135"," ME",318,1717,"Belfast",61,5,"Tug Pale Ale","Marshall Wharf Brewing Company","Ales"
"1136"," ME",324,1311,"Portland",61,6,"Geary's Summer Ale","D.L. Geary Brewing Company","Ales"
"1138"," ME",318,1516,"Belfast",61,6.3,"Ace Hole American Pale Ale","Marshall Wharf Brewing Company","Ales"
"1139"," ME",503,815,"Portland",61,4.7,"Sea Dog Wild Blueberry Wheat Ale","Sea Dog Brewing Company","Ales"
"1140"," ME",293,910,"Lewiston",61,6.6,"Hayride Autumn Ale","Baxter Brewing Company","Ales"
"1144"," ME",386,975,"Portland",61,5.1,"Shipyard Summer Ale","Shipyard Brewing Company","Ales"
"1147"," ME",318,725,"Belfast",61,9.7,"Cant Dog Imperial Pale Ale","Marshall Wharf Brewing Company","Ales"
"1149"," ME",43,1807,"Portland",61,4.3,"Maine Island Trail Ale","Rising Tide Brewing Company","Ales"
"1153"," ME",293,183,"Lewiston",28,4.9,"Pamola Xtra Pale Ale","Baxter Brewing Company","Ales"
"1154"," ME",267,1930,"Portland",61,5,"Summer Session Ale","Peak Organic Brewing Company","Ales"
"1156"," ME",493,922,"Portland",61,4.5,"Sunsplash Golden Ale (2004)","Stone Coast Brewing Company","Ales"
"1165"," MI",441,273,"Royal Oak",35,6.2,"AXL Pale Ale","MillKing It Productions","Ales"
"1166"," MI",85,60,"Houghton",35,6.2,"Widow Maker Black Ale","Keweenaw Brewing Company","Ales"
"1169"," MI",85,59,"Houghton",35,6.2,"Lift Bridge Brown Ale","Keweenaw Brewing Company","Ales"
"1170"," MI",85,364,"Houghton",35,6.2,"Olde Ore Dock Scottish Ale","Keweenaw Brewing Company","Ales"
"1173"," MI",230,899,"Rochester",35,5.9,"Rochester Red Ale","Rochester Mills Brewing Company","Ales"
"1180"," MI",85,779,"Houghton",35,6.2,"November Gale Pale Ale","Keweenaw Brewing Company","Ales"
"1184"," MI",11,1785,"Grand Rapids",35,7.3,"Le Flaneur Ale","Brewery Vivant","Ales"
"1192"," MI",441,365,"Royal Oak",35,4.8,"BRIK Irish Red Ale","MillKing It Productions","Ales"
"1200"," MI",399,1477,"Douglas",11,5,"Oval Beach Blonde Ale","Saugatuck Brewing Company","Ales"
"1203"," MI",12,1404,"Petoskey",25,5.9,"North 45 Amber Ale","Petoskey Brewing","Ales"
"1207"," MI",10,2638,"Grand Rapids",35,5.2,"G. B. Russo’s Italian Pistachio Pale Ale","The Mitten Brewing Company","Ales"
"1217"," MI",73,534,"Detroit",8,4.5,"Dirty Blonde Ale","Atwater Brewery","Ales"
"1227"," MI",85,58,"Houghton",35,6.2,"Pick Axe Blonde Ale","Keweenaw Brewing Company","Ales"
"1228"," MI",441,1273,"Royal Oak",35,4.8,"SNO White Ale","MillKing It Productions","Ales"
"1249"," MI",11,1033,"Grand Rapids",35,9.9,"Hubris Quadrupel Anniversary Ale","Brewery Vivant","Ales"
"1253"," MI",13,1496,"Marquette",35,6.8,"Coconut Brown Ale","Blackrocks Brewery","Ales"
"1256"," MI",85,57,"Houghton",35,6.2,"Red Jacket Amber Ale","Keweenaw Brewing Company","Ales"
"1267"," MI",439,1276,"Traverse City",35,4.7,"Will Power Pale Ale","The Right Brain Brewery","Ales"
"1285"," MI",11,909,"Grand Rapids",35,9.2,"Escoffier Bretta Ale","Brewery Vivant","Ales"
"1307"," MI",14,2629,"Comstock Park",40,5,"Veteran’s Pale Ale (VPA)","Perrin Brewing Company","Ales"
"1325"," MN",278,1115,"Minneapolis",27,4.6,"Shenanigans Summer Ale","Indeed Brewing Company","Ales"
"1327"," MN",278,728,"Minneapolis",45,5.4,"Day Tripper Pale Ale","Indeed Brewing Company","Ales"
"1333"," MN",76,1261,"Duluth",34,6,"Bent Paddle Black Ale","Bent Paddle Brewing Company","Ales"
"1345"," MN",62,15,"Brooklyn Center",120,9.7,"Abrasive Ale","Surly Brewing Company","Ales"
"1354"," MN",278,1555,"Minneapolis",10,5,"Sweet Yamma Jamma Ale","Indeed Brewing Company","Ales"
"1357"," MN",143,1779,"Cold Spring",44.5,4.9,"Lost Trout Brown Ale","Third Street Brewhouse","Ales"
"1362"," MN",59,2473,"St. Paul",55,4.7,"Hopvale Organic Ale","Summit Brewing Company","Ales"
"1365"," MN",139,2352,"St Paul",49,5.3,"Extra Pale Ale","Summit Brewing Company","Ales"
"1367"," MN",278,1691,"Minneapolis",22,6.5,"Stir Crazy Winter Ale","Indeed Brewing Company","Ales"
"1369"," MN",62,13,"Brooklyn Center",33,6.7,"CynicAle","Surly Brewing Company","Ales"
"1370"," MN",143,1781,"Cold Spring",44.5,5.2,"Three Way Pale Ale","Third Street Brewhouse","Ales"
"1374"," MO",315,1491,"Bucryus",24,6,"Sweet Potato Ale","Piney River Brewing Company","Ales"
"1381"," MO",429,1324,"Saint Louis",45,5,"Schlafly Yakima Wheat Ale","Schlafly Brewing Company","Ales"
"1382"," MO",315,1791,"Bucryus",20,6,"Hot Date Ale","Piney River Brewing Company","Ales"
"1388"," MO",315,521,"Bucryus",20,5.5,"McKinney Eddy Amber Ale","Piney River Brewing Company","Ales"
"1389"," MO",88,2460,"Kirkwood",65,6.3,"India Pale Ale","Kirkwood Station Brewing Company","Ales"
"1391"," MO",315,479,"Bucryus",70,7,"Missouri Mule India Pale Ale","Piney River Brewing Company","Ales"
"1392"," MO",429,1077,"Saint Louis",30,5,"Schlafly American Brown Ale","Schlafly Brewing Company","Ales"
"1409"," MO",133,2340,"Weston",24,5.2,"Drop Kick Ale","Weston Brewing Company","Ales"
"1411"," MO",315,1335,"Bucryus",18,4.5,"Float Trip Ale","Piney River Brewing Company","Ales"
"1412"," MO",133,2341,"Weston",28,4.9,"L'il Lucy's Hot Pepper Ale","Weston Brewing Company","Ales"
"1414"," MO",133,2342,"Weston",24,5.2,"O’Malley’s Irish Style Cream Ale","Weston Brewing Company","Ales"
"1417"," MS",246,2033,"Jackson",18,3.8,"Pub Ale","Lucky Town Brewing Company","Ales"
"1421"," MS",134,2297,"Hattiesburg",60,5.8,"Devil's Harvest Extra Pale Ale","Southern Prohibition Brewing Com...","Ales"
"1422"," MS",134,1117,"Hattiesburg",60,5.8,"Devil's Harvest Extra Pale Ale","Southern Prohibition Brewing Com...","Ales"
"1423"," MS",134,1118,"Hattiesburg",20,5,"Suzy B Dirty Blonde Ale","Southern Prohibition Brewing Com...","Ales"
"1426"," MS",134,2296,"Hattiesburg",20,5,"Suzy B Dirty Blonde Ale","Southern Prohibition Brewing Com...","Ales"
"1428"," MT",538,471,"Helena",40,5.7,"Back Country Scottish Ale","Lewis and Clark Brewing Company","Ales"
"1430"," MT",337,159,"Missoula",40,5,"Scape Goat Pale Ale (2010)","Big Sky Brewing Company","Ales"
"1434"," MT",337,34,"Missoula",26,5.1,"Moose Drool Brown Ale (2009)","Big Sky Brewing Company","Ales"
"1436"," MT",337,35,"Missoula",35,5,"Montana Trout Slayer Ale (2009)","Big Sky Brewing Company","Ales"
"1441"," MT",538,475,"Helena",40,5.1,"Yellowstone Golden Ale","Lewis and Clark Brewing Company","Ales"
"1442"," MT",511,87,"Missoula",50,5.5,"Eddy Out Pale Ale","Kettle House Brewing Company","Ales"
"1443"," MT",538,473,"Helena",40,5,"Lewis & Clark Amber Ale","Lewis and Clark Brewing Company","Ales"
"1444"," MT",511,85,"Missoula",11,6.5,"Cold Smoke Scotch Ale","Kettle House Brewing Company","Ales"
"1446"," MT",408,1411,"Hamilton",40,5.4,"Sawtooth Ale","Bitter Root Brewing","Ales"
"1447"," MT",337,1456,"Missoula",60,7.2,"Powder Hound Winter Ale","Big Sky Brewing Company","Ales"
"1449"," MT",337,766,"Missoula",35,5,"Montana Trout Slayer Ale (2012)","Big Sky Brewing Company","Ales"
"1451"," MT",220,470,"Bozeman",40,5.5,"Bozone Select Amber Ale","Bozeman Brewing Company","Ales"
"1454"," MT",408,1413,"Hamilton",40,6.3,"Single Hop Ale","Bitter Root Brewing","Ales"
"1455"," MT",337,1713,"Missoula",40,5,"Scape Goat Pale Ale","Big Sky Brewing Company","Ales"
"1456"," MT",337,1712,"Missoula",35,5,"Montana Trout Slayer Ale","Big Sky Brewing Company","Ales"
"1457"," MT",337,767,"Missoula",26,5.1,"Moose Drool Brown Ale (2011)","Big Sky Brewing Company","Ales"
"1458"," MT",410,1432,"Lakeside",40,5.6,"Yard Sale Amber Ale","Tamarack Brewing Company","Ales"
"1462"," MT",511,760,"Missoula",11,6.5,"Cold Smoke Scotch Ale (2007)","Kettle House Brewing Company","Ales"
"1463"," MT",536,506,"Belt",40,5.5,"Great Falls Select Pale Ale","Harvest Moon Brewing Company","Ales"
"1465"," MT",337,1711,"Missoula",26,5.1,"Moose Drool Brown Ale","Big Sky Brewing Company","Ales"
"1467"," NC",525,113,"Durham",33.5,8,"Triangle Belgian Golden Ale","Triangle Brewing Company","Ales"
"1475"," NC",525,114,"Durham",33.5,5,"Triangle White Ale","Triangle Brewing Company","Ales"
"1479"," NC",390,1166,"Brevard",65,6.5,"Dale's Pale Ale","Oskar Blues Brewery (North Carol...","Ales"
"1482"," NC",525,594,"Durham",33.5,5.7,"Triangle India Pale Ale","Triangle Brewing Company","Ales"
"1483"," NC",71,2508,"Charlotte",45,5.5,"Jalapeno Pale Ale","Birdsong Brewing Company","Ales"
"1484"," NC",361,705,"Fuquay-Varina",33.5,6.7,"Hog Wild India Pale Ale","Aviator Brewing Company","Ales"
"1488"," NC",332,480,"Morganton",33.5,5.6,"Farmer Ted's Farmhouse Cream Ale","Catawba Brewing Company","Ales"
"1489"," NC",332,638,"Morganton",33.5,4.7,"White Zombie Ale","Catawba Brewing Company","Ales"
"1490"," NC",446,1251,"Lenoir",33.5,6.5,"Trail Maker Pale Ale","Howard Brewing Company","Ales"
"1496"," NC",150,2329,"Raleigh",47,5.7,"Peacemaker Pale Ale","Lonerider Brewing Company","Ales"
"1499"," NC",390,1065,"Brevard",65,6.5,"Dale's Pale Ale","Oskar Blues Brewery (North Carol...","Ales"
"1501"," NC",332,507,"Morganton",33.5,5.2,"Firewater India Pale Ale","Catawba Brewing Company","Ales"
"1503"," NC",332,1742,"Morganton",33.5,4.7,"White Zombie Ale","Catawba Brewing Company","Ales"
"1505"," NC",434,1300,"Asheville",32,5.3,"Gateway Kolsch Style Ale","French Broad Brewery","Ales"
"15071"," NC",390,1328,"Brevard",85,8,"Deviant Dale's IPA","Oskar Blues Brewery (North Carol...","Ales"
"1508"," NC",332,1744,"Morganton",33.5,5.6,"Farmer Ted's Cream Ale","Catawba Brewing Company","Ales"
"1509"," NC",325,1759,"Black Mountain",31,5.7,"Pisgah Pale Ale","Pisgah Brewing Company","Ales"
"1511"," NC",332,1719,"Morganton",33.5,7,"King Winterbolt Winter Ale","Catawba Brewing Company","Ales"
"1518"," NC",434,1260,"Asheville",24,7,"Wee-Heavy-Er Scotch Ale","French Broad Brewery","Ales"
"1519"," NC",541,419,"Kinston",33.5,5,"Second Wind Pale Ale","Mother Earth Brewing Company","Ales"
"1520"," NC",180,427,"Pittsboro",33.5,5.1,"Sky Blue Golden Ale","Carolina Brewery","Ales"
"1521"," NC",332,1743,"Morganton",33.5,5.2,"Firewater India Pale Ale","Catawba Brewing Company","Ales"
"1527"," ND",336,1434,"Fargo",70,6.7,"Wood Chipper India Pale Ale","Fargo Brewing Company","Ales"
"1528"," ND",336,1722,"Fargo",32,5,"Iron Horse Pale Ale","Fargo Brewing Company","Ales"
"1531"," NE",381,1321,"Lincoln",35,5.5,"Brewerhood Brown Ale","Blue Blood Brewing Company","Ales"
"1534"," NE",338,1146,"Papillion",15,4.8,"Brunette Nut Brown Ale","Nebraska Brewing Company","Ales"
"1535"," NE",381,1320,"Lincoln",35,8,"Last Call Imperial Amber Ale","Blue Blood Brewing Company","Ales"
"1539"," NE",338,1145,"Papillion",29,5.7,"Cardinal Pale Ale","Nebraska Brewing Company","Ales"
"1542"," NE",381,937,"Lincoln",35,4.5,"543 Skull Creek Fresh Hopped Pale Ale","Blue Blood Brewing Company","Ales"
"1545"," NE",381,611,"Lincoln",35,4.6,"834 Happy As Ale","Blue Blood Brewing Company","Ales"
"1547"," NE",338,1148,"Papillion",65,6.5,"Nebraska India Pale Ale","Nebraska Brewing Company","Ales"
"1556"," NH",548,336,"North Conway",48.5,5.6,"Iron Mike Pale Ale","Moat Mountain Smoke House & Brew...","Ales"
"1557"," NH",548,337,"North Conway",48.5,5.5,"Boneshaker Brown Ale","Moat Mountain Smoke House & Brew...","Ales"
"1573"," NM",444,845,"Albuquerque",51,6.2,"Marble India Pale Ale","Marble Brewery","Ales"
"1578"," NM",393,599,"Santa Fe",51,4.5,"Santa Fe Irish Red Ale","Santa Fe Brewing Company","Ales"
"1580"," NM",266,1936,"Albuquerque",30,6,"Farmer's Tan Red Ale","Tractor Brewing Company","Ales"
"1585"," NV",531,27,"Reno",35,5.8,"Original Orange Blossom Ale (Current)","Buckbean Brewing Company","Ales"
"1587"," NV",531,28,"Reno",42,6.2,"Tule Duck Red Ale (Current)","Buckbean Brewing Company","Ales"
"1593"," NV",234,469,"Henderson",50,5,"Fox Tail Gluten Free Ale","Joseph James Brewing Company","Ales"
"1604"," NY",277,1907,"Montauk",28,5.6,"Montauk Summer Ale","Montauk Brewing Company","Ales"
"1606"," NY",174,640,"Brooklyn",47,5.5,"Hipster Ale (Westbrook Brewing)","Evil Twin Brewing","Ales"
"1609"," NY",174,1287,"Brooklyn",47,5.5,"Hipster Ale (Two Roads Brewing)","Evil Twin Brewing","Ales"
"1610"," NY",343,1572,"Brooklyn",64,6,"KelSo India Pale Ale","KelSo Beer Company","Ales"
"1612"," NY",438,756,"Brooklyn",47,4.5,"Brooklyn Summer Ale","Brooklyn Brewery","Ales"
"1614"," NY",438,1279,"Brooklyn",47,6.8,"East India Pale Ale","Brooklyn Brewery","Ales"
"1615"," NY",300,773,"Utica",12,5,"Blueberry Blonde Ale","Matt Brewing Company","Ales"
"1617"," NY",557,49,"Garrattsville",47,4.3,"Porkslap Pale Ale","Butternuts Beer and Ale","Ales"
"1620"," NY",239,2050,"Newburgh",35,4.2,"Cream Ale","Newburgh Brewing Company","Ales"
"1621"," NY",277,1906,"Montauk",49,6,"Driftwood Ale","Montauk Brewing Company","Ales"
"1622"," NY",547,382,"Elmira",22,5.3,"Common Sense Kentucky Common Ale","Upstate Brewing Company","Ales"
"1624"," NY",330,1037,"Bronx",50,6.3,"Bronx Pale Ale","The Bronx Brewery","Ales"
"1626"," NY",47,423,"Brooklyn",57,6.3,"Righteous Ale (2011)","Sixpoint Craft Ales","Ales"
"1630"," NY",300,453,"Utica",47,4.7,"Saranac Summer Ale (2011)","Matt Brewing Company","Ales"
"1638"," NY",330,1747,"Bronx",46,5.7,"Bronx Black Pale Ale","The Bronx Brewery","Ales"
"1642"," NY",438,566,"Brooklyn",47,6.8,"East India Pale Ale","Brooklyn Brewery","Ales"
"1646"," NY",47,2443,"Brooklyn",47,8,"Abigale","Sixpoint Craft Ales","Ales"
"1647"," NY",490,667,"Patchogue",16,4.4,"Blue Point Summer Ale","Blue Point Brewing Company","Ales"
"1648"," NY",438,328,"Brooklyn",47,4.5,"Brooklyn Summer Ale (2011)","Brooklyn Brewery","Ales"
"1649"," NY",300,150,"Utica",47,5.5,"Saranac Pale Ale (12 oz.)","Matt Brewing Company","Ales"
"1651"," NY",300,133,"Utica",47,5.5,"Saranac Pale Ale (16 oz.)","Matt Brewing Company","Ales"
"1657"," NY",330,1748,"Bronx",16,5.2,"Bronx Summer Pale Ale","The Bronx Brewery","Ales"
"1658"," NY",47,1386,"Brooklyn",57,6.3,"Righteous Ale","Sixpoint Craft Ales","Ales"
"1687"," OH",322,1654,"Lockland",60,5.5,"Hop Bomber Rye Pale Ale","Rivertown Brewing Company","Ales"
"1693"," OH",353,1642,"Columbus",40,5.7,"Bleeding Buckeye Red Ale","Elevator Brewing Company","Ales"
"1694"," OH",106,2425,"Columbus",36,5.7,"Brass Knuckle Pale Ale","Four String Brewing Company","Ales"
"1695"," OH",93,688,"Athens",40,5,"Firefly Amber Ale","Jackie O's Pub & Brewery","Ales"
"1704"," OH",148,2336,"Cleveland",40,5,"New Cleveland Palesner","Platform Beer Company","Ales"
"1708"," OH",93,687,"Athens",40,6.7,"Chomolungma Honey Nut Brown Ale","Jackie O's Pub & Brewery","Ales"
"1712"," OH",286,1881,"Port Clinton",16,7.8,"Seiche Scottish Ale","Catawba Island Brewing","Ales"
"1713"," OH",184,1768,"Columbus",20,5.3,"Stone Fort Brown Ale","Seventh Son Brewing Company","Ales"
"1715"," OH",184,1766,"Columbus",53,6,"Humulus Nimbus Super Pale Ale","Seventh Son Brewing Company","Ales"
"1716"," OH",184,1767,"Columbus",40,7.7,"Seventh Son Hopped Red Ale","Seventh Son Brewing Company","Ales"
"1718"," OK",367,421,"Mustang",10,5.3,"Mustang Golden Ale","Mustang Brewing Company","Ales"
"1724"," OK",331,1746,"Tulsa",37,6.3,"Dead Armadillo Amber Ale","Dead Armadillo Craft Brewing","Ales"
"1737"," OR",195,2205,"Bend",40,5.5,"Mountain Rescue Pale Ale","Goodlife Brewing Co.","Ales"
"1738"," OR",486,962,"Portland",40,5,"Mac's Highlander Pale Ale (2000)","MacTarnahans Brewing Company","Ales"
"1739"," OR",388,746,"Portland",40,7.4,"CuDa Cascadian Dark Ale (2012)","Natian Brewery","Ales"
"1742"," OR",207,562,"Astoria",40,5.5,"Sunrise Oatmeal Pale Ale","Fort George Brewery","Ales"
"1743"," OR",388,654,"Portland",40,5.3,"Undun Blonde Ale (2012)","Natian Brewery","Ales"
"1746"," OR",388,747,"Portland",86,8.5,"Old Grogham Imperial India Pale Ale (2012)","Natian Brewery","Ales"
"1747"," OR",290,1860,"Newport",40,5.1,"Rogue American Amber Ale","Rogue Ales","Ales"
"1751"," OR",388,1265,"Portland",86,8.5,"Old Grogham Imperial India Pale Ale","Natian Brewery","Ales"
"1758"," OR",486,961,"Portland",32,5.1,"Mac's Scottish Style Amber Ale (2000)","MacTarnahans Brewing Company","Ales"
"1764"," OR",207,674,"Astoria",40,5.2,"Quick Wit Belgianesque Ale","Fort George Brewery","Ales"
"1766"," OR",156,37,"Ashland",24,5.4,"Ashland Amber Ale","Caldera Brewing Company","Ales"
"1770"," OR",202,2191,"Estacada",53,7.5,"Loki Red Ale","Fearless Brewing Company","Ales"
"1772"," OR",156,794,"Ashland",24,5.4,"Ashland Amber Ale (2009)","Caldera Brewing Company","Ales"
"1774"," OR",375,978,"Astoria",35,6,"Old Red Beard Amber Ale","Astoria Brewing Company","Ales"
"1778"," OR",156,38,"Ashland",55,5.6,"Caldera Pale Ale (2011)","Caldera Brewing Company","Ales"
"1779"," OR",156,1419,"Ashland",55,5.6,"Caldera Pale Ale","Caldera Brewing Company","Ales"
"1780"," OR",388,1537,"Portland",40,5.3,"Undun Blonde Ale","Natian Brewery","Ales"
"1789"," OR",455,1210,"Bend",40,5,"Mirror Pond Pale Ale","Deschutes Brewery","Ales"
"1792"," OR",156,789,"Ashland",55,5.6,"Caldera Pale Ale (2005)","Caldera Brewing Company","Ales"
"1796"," OR",151,1669,"Eugene",24,5.4,"Oakshire Amber Ale","Oakshire Brewing","Ales"
"1797"," OR",388,1536,"Portland",40,7.4,"CuDa Cascadian Dark Ale","Natian Brewery","Ales"
"1800"," OR",199,1605,"Springfield",60,7.8,"Festeroo Winter Ale","Hop Valley Brewing Company","Ales"
"1803"," OR",156,788,"Ashland",55,5.6,"Caldera Pale Ale (2007)","Caldera Brewing Company","Ales"
"1807"," OR",81,916,"Portland",70,7.3,"Abominable Winter Ale (2012)","Hopworks Urban Brewery","Ales"
"1809"," OR",118,2402,"Portland",36,5.3,"Klickitat Pale Ale","Alameda Brewing","Ales"
"1812"," OR",117,2189,"Portland",62,6.8,"In-Tents India Pale Lager","Base Camp Brewing Co.","Ales"
"1813"," OR",465,1108,"Bend",18,6,"Sweet As Pacific Ale","Good Life Brewing Company","Ales"
"1823"," OR",419,1393,"Portland",75,6,"Cascadian Dark Ale","Coalition Brewing Company","Ales"
"1828"," OR",156,790,"Ashland",55,5.6,"Caldera Pale Ale (2009)","Caldera Brewing Company","Ales"
"1832"," OR",200,1511,"Bend",50,6,"Worthy Pale","Worthy Brewing Company","Ales"
"1833"," OR",156,791,"Ashland",55,5.6,"Caldera Pale Ale (2010)","Caldera Brewing Company","Ales"
"1844"," OR",202,895,"Estacada",53,7.5,"Loki Red Ale (2013)","Fearless Brewing Company","Ales"
"1850"," OR",202,1022,"Estacada",40,5.1,"Quaff India Style Session Ale","Fearless Brewing Company","Ales"
"1852"," OR",81,2193,"Portland",70,7.3,"Abominable Winter Ale","Hopworks Urban Brewery","Ales"
"1853"," OR",154,2319,"Sisters",18,4,"Knotty Blonde Ale","Three Creeks Brewing","Ales"
"1854"," OR",202,112,"Estacada",40,5,"Fearless Scottish Ale","Fearless Brewing Company","Ales"
"1857"," OR",81,1398,"Portland",60,6,"Pigwar White India Pale Ale","Hopworks Urban Brewery","Ales"
"1862"," PA",302,508,"Danville",30,4.8,"Endless Summer Ale (2011)","Old Forge Brewing Company","Ales"
"18691"," PA",432,1307,"Slippery Rock",30,6,"Paleo IPA","North Country Brewing Company","Ales"
"1874"," PA",302,1394,"Danville",20,4.6,"Old Forge Pumpkin Ale","Old Forge Brewing Company","Ales"
"1875"," PA",299,1687,"York",20,5.2,"Schweet Ale","Liquid Hero Brewery","Ales"
"1876"," PA",302,509,"Danville",30,5.5,"T-Rail Pale Ale","Old Forge Brewing Company","Ales"
"1879"," PA",165,1842,"Lansdale",40,5.6,"Original Slacker Ale","Round Guys Brewing","Ales"
"1881"," PA",302,1381,"Danville",30,4.5,"Endless Sun Ale","Old Forge Brewing Company","Ales"
"1884"," PA",302,900,"Danville",30,6.5,"Celestial Blonde Ale","Old Forge Brewing Company","Ales"
"1891"," PA",323,1730,"Meadville",31,7.5,"Wynona's Big Brown Ale","Voodoo Brewery","Ales"
"1900"," PA",165,1552,"Lansdale",28,4.5,"Dog Days Summer Ale","Round Guys Brewing","Ales"
"1911"," PA",372,20,"Pottstown",40,5.1,"Phoenix Pale Ale","Sly Fox Brewing Company","Ales"
"1915"," PA",152,2322,"Latrobe",30,5.7,"Fort Pitt Ale","Fort Pitt Brewing Company","Ales"
"1916"," PA",302,1828,"Danville",30,6,"Hopsmith Pale Lager","Old Forge Brewing Company","Ales"
"1919"," PA",372,926,"Pottstown",16,5.5,"Sly Fox Christmas Ale 2012 (2012)","Sly Fox Brewing Company","Ales"
"1924"," PA",372,22,"Pottstown",11,5.6,"Royal Weisse Ale","Sly Fox Brewing Company","Ales"
"1925"," PA",373,1587,"Conestoga",30,5.6,"Seven Gates Pale Ale","Spring House Brewing Company","Ales"
"1928"," PA",533,520,"Smithton",30,5.7,"Inclined Plane Ale","Flat Rock Brewing Company","Ales"
"1935"," PA",372,1211,"Pottstown",30,6.2,"360° India Pale Ale","Sly Fox Brewing Company","Ales"
"1939"," PA",357,1625,"Philadelphia",21,4.5,"Belgian Style Session Ale","Manayunk Brewing Company","Ales"
"1940"," PA",302,1487,"Danville",65,6.5,"Falling Down Brown Ale","Old Forge Brewing Company","Ales"
"1946"," PA",44,1878,"Export",30,4.8,"OH-PA Session Pale Ale","Rivertowne Brewing Company","Ales"
"1947"," PA",372,1588,"Pottstown",16,5.5,"Sly Fox Christmas Ale 2013","Sly Fox Brewing Company","Ales"
"1953"," PA",44,1102,"Export",30,5.1,"Maxwell's Scottish Ale","Rivertowne Brewing Company","Ales"
"1957"," PA",346,1249,"Erie",70,5.6,"Duluchan India Pale Ale","Lavery Brewing Company","Ales"
"1963"," RI",102,751,"Newport",24,5.2,"Hurricane Amber Ale (2004)","Coastal Extreme Brewing Company","Ales"
"1964"," RI",380,631,"Westerly",22,4.9,"Flagship Ale","Grey Sail Brewing of Rhode Island","Ales"
"1967"," RI",102,120,"Newport",24,5.2,"Hurricane Amber Ale","Coastal Extreme Brewing Company","Ales"
"1970"," RI",280,1899,"Pawtucket",24,7.8,"La Ferme Urbaine Farmhouse Ale","Foolproof Brewing Company","Ales"
"1971"," RI",380,1185,"Westerly",24,5.5,"Bring Back the Beach Blonde Ale","Grey Sail Brewing of Rhode Island","Ales"
"1975"," RI",380,1505,"Westerly",54,6,"Flying Jenny Extra Pale Ale","Grey Sail Brewing of Rhode Island","Ales"
"1979"," RI",144,1093,"Providence",24,4.2,"Narragansett Summer Ale","Narragansett Brewing Company","Ales"
"1981"," RI",380,693,"Westerly",54,6,"Flying Jenny Extra Pale Ale (2012)","Grey Sail Brewing of Rhode Island","Ales"
"1982"," RI",144,403,"Providence",24,4.2,"Narragansett Summer Ale","Narragansett Brewing Company","Ales"
"1985"," RI",280,981,"Pawtucket",24,4.5,"Barstool American Golden Ale","Foolproof Brewing Company","Ales"
"1988"," RI",144,580,"Providence",22,5,"Narragansett Cream Ale","Narragansett Brewing Company","Ales"
"1998"," SC",519,646,"Myrtle Beach",30,5.4,"Nut Brown Ale","New South Brewing Company","Ales"
"2002"," SC",519,165,"Myrtle Beach",30,4.6,"White Ale","New South Brewing Company","Ales"
"2003"," SD",213,542,"Spearfish",35,5.5,"Canyon Cream Ale","Crow Peak Brewing Company","Ales"
"2004"," SD",213,1602,"Spearfish",35,5.5,"Bear Butte Nut Brown Ale","Crow Peak Brewing Company","Ales"
"2006"," SD",213,1301,"Spearfish",35,4.5,"Easy Livin' Summer Ale","Crow Peak Brewing Company","Ales"
"2012"," TN",240,1470,"Memphis",61,6.2,"Ananda India Pale Ale","Wiseacre Brewing Company","Ales"
"2021"," TX",129,830,"Blanco",21,5.1,"Firemans #4 Blonde Ale (2015)","Real Ale Brewing Company","Ales"
"2028"," TX",214,2126,"Farmers Branch",35,5.5,"Lakefire Rye Pale Ale","Grapevine Craft Brewery","Ales"
"2040"," TX",427,1332,"Denton",20,5.1,"Greenbelt Farmhouse Ale","Armadillo Ale Works","Ales"
"2042"," TX",129,1290,"Blanco",33,5.9,"The Sword Iron Swan Ale","Real Ale Brewing Company","Ales"
"2054"," TX",471,1056,"San Antonio",33,5.5,"Pete's Wicked Pale Ale (1997)","Pete's Brewing Company","Ales"
"2059"," TX",30,1182,"Seven Points",36,5.1,"Elliott's Phoned Home Pale Ale","Cedar Creek Brewery","Ales"
"2079"," TX",119,1011,"Conroe",110,8.5,"Red Cockaded Ale (2013)","Southern Star Brewing Company","Ales"
"2082"," TX",258,1971,"South Austin",40,5.5,"Texas Pale Ale (TPA)","South Austin Brewery","Ales"
"2083"," TX",214,2127,"Farmers Branch",21,4.9,"Sir William's English Brown Ale","Grapevine Craft Brewery","Ales"
"2091"," TX",119,1728,"Conroe",110,8.5,"Red Cockaded Ale","Southern Star Brewing Company","Ales"
"2096"," TX",119,2387,"Conroe",45,6.5,"Pine Belt Pale Ale","Southern Star Brewing Company","Ales"
"2100"," TX",177,2229,"Fort Worth",60,5.8,"Pride of Texas Pale Ale","Rahr & Sons Brewing Company","Ales"
"2104"," TX",185,2071,"Austin",27,4.9,"London Homesick Ale","Oasis Texas Brewing Company","Ales"
"2107"," TX",129,1718,"Blanco",21,5.1,"Firemans #4 Blonde Ale (2013)","Real Ale Brewing Company","Ales"
"2116"," TX",126,1557,"Houston",40,5.5,"Weekend Warrior Pale Ale","Karbach Brewing Company","Ales"
"2124"," TX",126,463,"Houston",70,6.6,"Hopadillo India Pale Ale","Karbach Brewing Company","Ales"
"2128"," TX",396,501,"Austin",50,6,"Pale Dog","Hops & Grain Brewery","Ales"
"2130"," TX",119,45,"Conroe",45,6.5,"Pine Belt Pale Ale","Southern Star Brewing Company","Ales"
"2138"," TX",396,1501,"Austin",33,7,"Green House India Pale Ale","Hops & Grain Brewery","Ales"
"2142"," TX",128,1827,"Dallas",33,6,"Deep Ellum Pale Ale","Deep Ellum Brewing Company","Ales"
"2145"," TX",128,2251,"Dallas",33,7.5,"Oak Cliff Coffee Ale","Deep Ellum Brewing Company","Ales"
"2147"," UT",160,974,"Salt Lake City",29,4,"WYLD Extra Pale Ale","Uinta Brewing Company","Ales"
"2152"," UT",160,1088,"Salt Lake City",34,4,"Cutthroat Pale Ale","Uinta Brewing Company","Ales"
"2159"," UT",160,2100,"Salt Lake City",22,4,"Yard Sale Winter Lager","Uinta Brewing Company","Ales"
"2161"," UT",303,1679,"Salt Lake City",34,4,"Squatters Full Suspension Pale Ale","Utah Brewers Cooperative","Ales"
"2170"," UT",400,1476,"Moab",34,4,"Squeaky Bike Nut Brown Ale","Moab Brewery","Ales"
"2171"," UT",303,1826,"Salt Lake City",34,4,"Squatters Full Suspension Pale Ale","Utah Brewers Cooperative","Ales"
"2173"," VA",123,1247,"Ashland",42,5.2,"Ray Ray’s Pale Ale","Center of the Universe Brewing C...","Ales"
"2184"," VA",182,1194,"Nellysford",45,5.1,"Alpha Ale","Wild Wolf Brewing Company","Ales"
"2192"," VA",182,1318,"Nellysford",20,5.7,"Wild Wolf Wee Heavy Scottish Style Ale","Wild Wolf Brewing Company","Ales"
"2194"," VA",238,1201,"Lexington",26,5.2,"Striped Bass Pale Ale","Devil's Backbone Brewing Company","Ales"
"2195"," VA",123,1248,"Ashland",40,5,"Main St. Virginia Ale","Center of the Universe Brewing C...","Ales"
"2196"," VA",123,2377,"Ashland",40,5,"Main St. Virginia Ale","Center of the Universe Brewing C...","Ales"
"2197"," VA",383,1547,"Afton",60,5.9,"Full Nelson Pale Ale","Blue Mountain Brewery","Ales"
"2204"," VA",344,1331,"Richmond",18,4.4,"Hardywood Cream Ale","Hardywood Park Craft Brewery","Ales"
"2206"," VA",383,119,"Afton",60,5.9,"Full Nelson Pale Ale (2010)","Blue Mountain Brewery","Ales"
"2207"," VA",384,1205,"Crozet",52,6.5,"Northern Lights India Pale Ale","Starr Hill Brewery","Ales"
"2208"," VA",384,368,"Crozet",52,6.5,"Northern Lights India Pale Ale","Starr Hill Brewery","Ales"
"2209"," VA",344,1270,"Richmond",55,5.6,"Capital Trail Pale Ale","Hardywood Park Craft Brewery","Ales"
"2212"," VT",262,1946,"Waterbury",55,5.5,"Overgrown American Pale Ale","Otter Creek Brewing","Ales"
"2217"," VT",269,1924,"Bridgewater Corners",30,4.6,"Long Trail Ale","Long Trail Brewing Company","Ales"
"2233"," VT",269,573,"Bridgewater Corners",30,4.6,"Long Trail Ale (1)","Long Trail Brewing Company","Ales"
"2240"," WA",191,519,"Seattle",20,5.4,"SoDo Brown Ale","Two Beers Brewing Company","Ales"
"2242"," WA",191,482,"Seattle",48,4.8,"Trailhead India Style Session Ale (2011)","Two Beers Brewing Company","Ales"
"2247"," WA",291,1440,"Seattle",38,4.7,"Hale's Pale American Ale","Hale's Ales","Ales"
"2252"," WA",484,965,"Yakima",38,4.4,"Field 41 Pale Ale","Bale Breaker Brewing Company","Ales"
"2256"," WA",451,1226,"Pacific",42,6.3,"Three Skulls Ale Pale Ale","Northwest Brewing Company","Ales"
"2259"," WA",461,994,"Seattle",38,8,"Abominable Ale","Fremont Brewing Company","Ales"
"2260"," WA",363,497,"Seattle",60,5.5,"Hilliard's Amber Ale","Hilliard's Beer","Ales"
"2262"," WA",320,1773,"Centralia",38,4.5,"12 Man Pale Ale","Dick's Brewing Company","Ales"
"2263"," WA",461,1116,"Seattle",38,4.5,"Fremont Organic Pale Ale","Fremont Brewing Company","Ales"
"2264"," WA",191,560,"Seattle",36,5.7,"Persnickety Pale","Two Beers Brewing Company","Ales"
"2268"," WA",391,1528,"Airway Heights",38,6.7,"Orlison India Pale Lager","Orlison Brewing Company","Ales"
"2272"," WA",484,966,"Yakima",70,6.8,"Topcutter India Pale Ale","Bale Breaker Brewing Company","Ales"
"2275"," WA",191,518,"Seattle",27,5.2,"Immersion Amber Ale (2011)","Two Beers Brewing Company","Ales"
"2285"," WA",402,1474,"Washougal",38,5.4,"Dusty Trail Pale Ale","Amnesia Brewing Company","Ales"
"2289"," WA",482,48,"Gig Harbor",30,5.4,"British Pale Ale","7 Seas Brewing Company","Ales"
"2292"," WA",191,451,"Seattle",38,4.6,"Panorama Wheat Ale","Two Beers Brewing Company","Ales"
"2295"," WA",482,866,"Gig Harbor",30,5.4,"British Pale Ale (2010)","7 Seas Brewing Company","Ales"
"2297"," WA",461,875,"Seattle",45,6.5,"Fremont Summer Ale","Fremont Brewing Company","Ales"
"2298"," WA",461,858,"Seattle",30,5.6,"Universale Pale Ale","Fremont Brewing Company","Ales"
"2302"," WA",171,2292,"White Salmon",60,4.3,"Little Sister India Style Session Ale","Everybody's Brewing","Ales"
"2306"," WA",461,901,"Seattle",35,6.5,"Harvest Ale","Fremont Brewing Company","Ales"
"2315"," WI",285,171,"Milwaukee",24,5.1,"Louie’s Demise Immort-Ale (2010)","Milwaukee Brewing Company","Ales"
"23191"," WI",132,2150,"Stevens Point",64,6.3,"Beyond The Pale IPA","Stevens Point Brewery","Ales"
"2323"," WI",543,410,"Hayward",19,5.4,"River Pig Pale Ale","Angry Minnow Brewing Company","Ales"
"2324"," WI",457,1122,"Menominie",19,5.2,"Ride Again Pale Ale","Lucette Brewing Company","Ales"
"2329"," WI",132,140,"Stevens Point",33,5.4,"Point Cascade Pale Ale","Stevens Point Brewery","Ales"
"2330"," WI",132,2270,"Stevens Point",33,5.4,"Point Cascade Pale Ale (2013)","Stevens Point Brewery","Ales"
"2337"," WI",132,357,"Stevens Point",32,5.4,"2012 Black Ale","Stevens Point Brewery","Ales"
"2353"," WI",132,2151,"Stevens Point",9,5.2,"Onyx Black Ale","Stevens Point Brewery","Ales"
"2354"," WI",285,1272,"Milwaukee",24,5.1,"Louie's Demise Amber Ale","Milwaukee Brewing Company","Ales"
"2357"," WI",33,1524,"Stevens Point",19,5.5,"A Capella Gluten Free Pale Ale","James Page Brewing Company","Ales"
"2358"," WI",285,932,"Milwaukee",20,6.5,"Booyah Farmhouse Ale","Milwaukee Brewing Company","Ales"
"2373"," WI",132,650,"Stevens Point",13,4.9,"Three Kings Ale","Stevens Point Brewery","Ales"
"2376"," WI",132,1450,"Stevens Point",19,6.2,"St. Benedict's Winter Ale","Stevens Point Brewery","Ales"
"2388"," WI",193,62,"Middleton",19,5,"U.S. Pale Ale","Capital Brewery","Ales"
"2394"," WV",157,2314,"Lewisburg",44,5.7,"Wild Trail Pale Ale","Greenbrier Valley Brewing Company","Ales"
"2397"," WY",551,323,"Pinedale",21,5,"Wind River Blonde Ale","Wind River Brewing Company","Ales"
"2398"," WY",192,402,"Jackson",32,5.2,"Snake River Pale Ale","Snake River Brewing Company","Ales"
"2399"," WY",80,2485,"Sheridan",16,4.8,"Saddle Bronc Brown Ale","Black Tooth Brewing Company","Ales"
"2400"," WY",192,407,"Jackson",22,5,"OB-1 Organic Ale","Snake River Brewing Company","Ales"
"2401"," WY",80,2484,"Sheridan",20,4.6,"Bomber Mountain Amber Ale","Black Tooth Brewing Company","Ales"
"2403"," WY",551,324,"Pinedale",21,7.2,"Wyoming Pale Ale","Wind River Brewing Company","Ales"
"2405"," WY",458,1198,"Sheridan",16,4.8,"Saddle Bronc Brown Ale (2013)","The Black Tooth Brewing Company","Ales"
"2407"," WY",192,1606,"Jackson",55,6,"Snow King Pale Ale","Snake River Brewing Company","Ales"
"2410"," WY",458,1200,"Sheridan",20,4.6,"Bomber Mountain Amber Ale (2013)","The Black Tooth Brewing Company","Ales"
